Workbook

Sheet TỔNG HỢP KHKD 2025
A1: CÔNG TY CỔ PHẦN ONE CAPITAL HOSPITALITY
A3: KẾ HOẠCH SẢN XUẤT KINH DOANH NĂM 2026 - MẸ | F3: =F111+F112-F113-F118 -> 0 | G3: =G111+G112-G113-G118 -> 0 | H3: =H111+H112-H113-H118 -> 0
E5: 4
A6: Lọc | C6: TÊN CHỈ TIÊU | D6: THỰC HIỆN | V6: KẾ HOẠCH | AO6: Tỷ lệ % 2025/ 2024 | AP6: THỰC HIỆN KH SXKD 2025 | BG6: KH SXKD 2026 | BX6: TH SXKD 2026 | CO6: CL | CQ6: CL25/24 | CR6: CL 26/25
D7: NĂM 2024 | E7: Lũy kế 2024 | F7: TH-2024-01 | G7: TH-2024-02 | H7: TH-2024-03 | I7: TH-2024-04 | J7: TH-2024-05 | K7: TH-2024-06 | L7: TH-2024-07 | M7: TH-2024-08 | N7: TH-2024-09 | O7: TH-2024-10 | P7: TH-2024-11 | Q7: TH-2024-12 | R7: QUÝ I | S7: QUÝ II | T7: QUÝ III | U7: QUÝ IV | V7: Năm 2025 | W7: Lũy kế KH 2025 | X7: KH-2025-01 | Y7: KH-2025-02 | Z7: KH-2025-03 | AA7: KH-2025-04 | AB7: KH-2025-05 | AC7: KH-2025-06 | AD7: KH-2025-07 | AE7: KH-2025-08 | AF7: KH-2025-09 | AG7: KH-2025-10 | AH7: KH-2025-11 | AI7: KH-2025-12 | AJ7: Ghi chú | AK7: QUÝ I | AL7: QUÝ II | AM7: QUÝ III | AN7: QUÝ IV | AP7: Lũy kế thực hiện năm 2025 | AQ7: TH-2025-01 | AR7: TH-2025-02 | AS7: TH-2025-03 | AT7: TH-2025-04 | AU7: TH-2025-05 | AV7: TH-2025-06 | AW7: TH-2025-07 | AX7: TH-2025-08 | AY7: TH-2025-09 | AZ7: TH-2025-10 | BA7: TH-2025-11 | BB7: TH-2025-12 | BC7: QUÝ I | BD7: QUÝ II | BE7: QUÝ III | BF7: QUÝ IV | BG7: Lũy kế KH năm 2026 | BH7: KH-2026-01 | BI7: KH-2026-02 | BJ7: KH-2026-03 | BK7: KH-2026-04 | BL7: KH-2026-05 | BM7: KH-2026-06 | BN7: KH-2026-07 | BO7: KH-2026-08 | BP7: KH-2026-09 | BQ7: KH-2026-10 | BR7: KH-2026-11 | BS7: KH-2026-12 | BT7: QUÝ I | BU7: QUÝ II | BV7: QUÝ III | BW7: QUÝ IV | BX7: Lũy kế TH năm 2026 | BY7: TH-2026-01 | BZ7: TH-2026-02 | CA7: TH-2026-03 | CB7: TH-2026-04 | CC7: TH-2026-05 | CD7: TH-2026-06 | CE7: TH-2026-07 | CF7: TH-2026-08 | CG7: TH-2026-09 | CH7: TH-2026-10 | CI7: TH-2026-11 | CJ7: TH-2026-12 | CK7: QUÝ I | CL7: QUÝ II | CM7: QUÝ III | CN7: QUÝ IV | CQ7: 1 | CR7: 2 | CS7: 3 | CT7: 4 | CU7: 5 | CV7: 6 | CW7: 7 | CX7: 8 | CY7: 9 | CZ7: 10 | DA7: 11 | DB7: 12
A8: =IF((E8+V8)<>0, "in", "ẩn") -> in | C8: 1. Doanh thu bán hàng và cung cấp dịch vụ | D8: 251738021480 | E8: 28074834024 | F8: 8625085726 | G8: 3123216088 | H8: 6873593666 | I8: 9452938544 | J8: 12187684327 | K8: 14572553903 | L8: 57110446262 | M8: 81979724061 | N8: 27445755387 | O8: 10025415221 | P8: 8751235578 | Q8: 11590372717 | R8: 18621895480 | S8: 36213176774 | T8: 166535925710 | U8: 30367023516 | V8: 2.8388901e+11 | W8: 2.8388901e+11 | X8: 1.3890605e+10 | Y8: 6.7959294e+09 | Z8: 8.7641859e+09 | AA8: 1.1350535e+10 | AB8: 1.2053007e+10 | AC8: 1.1460245e+10 | AD8: 5.7113188e+10 | AE8: 7.8874245e+10 | AF8: 5.4010531e+10 | AG8: 1.0638425e+10 | AH8: 9.1471312e+09 | AI8: 9.7909863e+09 | AK8: 2.945072e+10 | AL8: 3.4863787e+10 | AM8: 1.8999796e+11 | AN8: 2.9576543e+10 | AO8: 1.1277161 | AP8: 290852178198 | AQ8: 13797963587 | AR8: 6659874230 | AS8: 9019405457 | AT8: 11016654074 | AU8: 11810186322 | AV8: 10390531914 | AW8: 41024125459 | AX8: 73871522687 | AY8: 80278102476 | AZ8: 11306829647 | BA8: 8531991581 | BB8: 13144990764 | BC8: 29477243274 | BD8: 33217372310 | BE8: 195173750622 | BF8: 32983811992 | BG8: 303818820953 | BH8: 7430996486 | BI8: 8583276880 | BJ8: 10174546674 | BK8: 12180080870 | BL8: 11934279308 | BM8: 12940754388 | BN8: 49533062151 | BO8: 84816242627 | BP8: 72959961527 | BQ8: 12101915370 | BR8: 8966700330 | BS8: 12197004342 | BT8: 26188820040 | BU8: 37055114566 | BV8: 207309266305 | BW8: 33265620042 | BX8: 8054506984 | BY8: 8054506984 | CK8: 8054506984 | CO8: =BG8-AP8 -> 12966642755 | CP8: =IF(AP8<>0,CO8/AP8,"") -> 0.044581556 | CQ8: =AP8/D8 -> 1.1553764 | CR8: =BG8/AP8 -> 1.0445816
A9: =IF((E9+V9)<>0, "in", "ẩn") -> in | C9: - Doanh thu bán hàng cho Givral | D9: 76063779652 | E9: 17405522750 | F9: 6054371544 | G9: 1592962480 | H9: 4857041894 | I9: 4901146832 | J9: 5698773042 | K9: 5610862091 | L9: 6421054729 | M9: 11310822536 | N9: 7134202337 | O9: 7576579001 | P9: 6182501598 | Q9: 8723461568 | R9: 12504375918 | S9: 16210781965 | T9: 24866079602 | U9: 22482542167 | V9: 8.1184501e+10 | W9: 8.1184501e+10 | X9: 4.9229248e+09 | Y9: 4.848335e+09 | Z9: 6.1163611e+09 | AA9: 5.9671816e+09 | AB9: 5.9671816e+09 | AC9: 5.5942327e+09 | AD9: 6.2537058e+09 | AE9: 1.150224e+10 | AF9: 8.9780228e+09 | AG9: 6.7130793e+09 | AH9: 6.3401304e+09 | AI9: 7.9811054e+09 | AK9: 1.5887621e+10 | AL9: 1.7528596e+10 | AM9: 2.6733969e+10 | AN9: 2.1034315e+10 | AO9: 1.0673214 | AP9: 81373286457 | AQ9: 4830283572 | AR9: 4712279910 | AS9: 7072764093 | AT9: 5408472034 | AU9: 6016204962 | AV9: 4801915961 | AW9: 6176217612 | AX9: 9149002663 | AY9: 7924417131 | AZ9: 8578469977 | BA9: 6649639235 | BB9: 10053619307 | BC9: 16615327575 | BD9: 16226592957 | BE9: 23249637406 | BF9: 25281728519 | BG9: 83706619216 | BH9: 5605574756 | BI9: 2684922792 | BJ9: 7207167543 | BK9: 5605574756 | BL9: 5841303928 | BM9: 5605574756 | BN9: 7569865528 | BO9: 10096362694 | BP9: 9748914264 | BQ9: 8007963937 | BR9: 6123837539 | BS9: 9609556723 | BT9: 15497665091 | BU9: 17052453440 | BV9: 27415142486 | BW9: 23741358199 | BX9: 6239085254 | BY9: 6239085254 | CK9: 6239085254 | CO9: =BG9-AP9 -> 2333332759 | CP9: =IF(AP9<>0,CO9/AP9,"") -> 0.028674432 | CQ9: =AP9/D9 -> 1.0698034 | CR9: =BG9/AP9 -> 1.0286744
A10: =IF((E10+V10)<>0, "in", "ẩn") -> in | C10: + DT - Givral - Daily | D10: 70181718652 | E10: 17405522750 | F10: 6054371544 | G10: 1592962480 | H10: 4857041894 | I10: 4901146832 | J10: 5698773042 | K10: 5209021091 | L10: 6214276729 | M10: 7336395536 | N10: 5835187337 | O10: 7576579001 | P10: 6182501598 | Q10: 8723461568 | R10: 12504375918 | S10: 15808940965 | T10: 19385859602 | U10: 22482542167 | V10: 7.458977e+10 | W10: 7.458977e+10 | X10: 4.9229248e+09 | Y10: 4.848335e+09 | Z10: 6.1163611e+09 | AA10: 5.9671816e+09 | AB10: 5.9671816e+09 | AC10: 5.5942327e+09 | AD10: 5.5942327e+09 | AE10: 8.2048747e+09 | AF10: 6.3401304e+09 | AG10: 6.7130793e+09 | AH10: 6.3401304e+09 | AI10: 7.9811054e+09 | AK10: 1.5887621e+10 | AL10: 1.7528596e+10 | AM10: 2.0139238e+10 | AN10: 2.1034315e+10 | AO10: 1.0628091 | AP10: 77856340057 | AQ10: 4830283572 | AR10: 4712279910 | AS10: 7072764093 | AT10: 5408472034 | AU10: 6016204962 | AV10: 4801915961 | AW10: 5841597612 | AX10: 7855386163 | AY10: 6035707231 | AZ10: 8578469977 | BA10: 6649639235 | BB10: 10053619307 | BC10: 16615327575 | BD10: 16226592957 | BE10: 19732691006 | BF10: 25281728519 | BG10: 80079639368 | BH10: 5605574756 | BI10: 2684922792 | BJ10: 7207167543 | BK10: 5605574756 | BL10: 5841303928 | BM10: 5605574756 | BN10: 7207167543 | BO10: 8573031158 | BP10: 8007963937 | BQ10: 8007963937 | BR10: 6123837539 | BS10: 9609556723 | BT10: 15497665091 | BU10: 17052453440 | BV10: 23788162638 | BW10: 23741358199 | BX10: 6239085254 | BY10: 6239085254 | CK10: 6239085254 | CO10: =BG10-AP10 -> 2223299311 | CP10: =IF(AP10<>0,CO10/AP10,"") -> 0.028556432 | CQ10: =AP10/D10 -> 1.1093536 | CR10: =BG10/AP10 -> 1.0285564
A11: =IF((E11+V11)<>0, "in", "ẩn") -> in | C11: + DT - Givral - Trung thu | D11: 5882061000 | E11: 0 | F11: 0 | G11: 0 | H11: 0 | I11: 0 | J11: 0 | K11: 401841000 | L11: 206778000 | M11: 3974427000 | N11: 1299015000 | O11: 0 | P11: 0 | Q11: 0 | R11: 0 | S11: 401841000 | T11: 5480220000 | U11: 0 | V11: 6.5947308e+09 | W11: 6.5947308e+09 | X11: 0 | Y11: 0 | Z11: 0 | AA11: 0 | AB11: 0 | AC11: 0 | AD11: 6.5947308e+08 | AE11: 3.2973654e+09 | AF11: 2.6378923e+09 | AG11: 0 | AH11: 0 | AI11: 0 | AK11: 0 | AL11: 0 | AM11: 6.5947308e+09 | AN11: 0 | AO11: 1.1211599 | AP11: 3516946400 | AW11: 334620000 | AX11: 1293616500 | AY11: 1888709900 | BC11: 0 | BD11: 0 | BE11: 3516946400 | BF11: 0 | BG11: 3626979848 | BH11: 0 | BI11: 0 | BJ11: 0 | BK11: 0 | BL11: 0 | BM11: 362697985 | BN11: 1523331536 | BO11: 1740950327 | BP11: 0 | BQ11: 0 | BR11: 0 | BS11: 0 | BT11: 0 | BU11: 362697985 | BV11: 3264281863 | BW11: 0 | BX11: 0 | CO11: =BG11-AP11 -> 110033448 | CP11: =IF(AP11<>0,CO11/AP11,"") -> 0.031286643 | CQ11: =AP11/D11 -> 0.59791056 | CR11: =BG11/AP11 -> 1.0312866
A12: =IF((E12+V12)<>0, "in", "ẩn") -> in | C12: - Doanh thu bán hàng cho Kem TT | D12: 174389248075 | E12: 10669311274 | F12: 2570714182 | G12: 1530253608 | H12: 2016551772 | I12: 4551791712 | J12: 6488911285 | K12: 8928464540 | L12: 50669391533 | M12: 70668901525 | N12: 20293738278 | O12: 2448836220 | P12: 2558733980 | Q12: 1662959440 | R12: 6117519562 | S12: 19969167537 | T12: 141632031336 | U12: 6670529640 | V12: 1.9570349e+11 | W12: 1.9570349e+11 | X12: 2374483990 | Y12: 1761977800 | Z12: 2.5509423e+09 | AA12: 5.3833532e+09 | AB12: 6.0858257e+09 | AC12: 5.824115e+09 | AD12: 5.0859482e+10 | AE12: 6.7372005e+10 | AF12: 4.4988665e+10 | AG12: 3.9253457e+09 | AH12: 2.8070008e+09 | AI12: 1.7702943e+09 | AK12: 6.6874041e+09 | AL12: 1.7293294e+10 | AM12: 1.6322015e+11 | AN12: 8.5026408e+09 | AO12: 1.1222222 | AP12: 201201615196 | AQ12: 2374483990 | AR12: 1761977800 | AS12: 1849758900 | AT12: 5568182040 | AU12: 5763981360 | AV12: 5407600440 | AW12: 34827907847 | AX12: 64702520024 | AY12: 72239489139 | AZ12: 2718359670 | BA12: 1871237346 | BB12: 2116116640 | BC12: 5986220690 | BD12: 16739763840 | BE12: 171769917010 | BF12: 6705713656 | BG12: 215602968715 | BH12: 1815421730 | BI12: 1927707792 | BJ12: 2884808421 | BK12: 6554506114 | BL12: 6082975380 | BM12: 7205062568 | BN12: 41933196623 | BO12: 74699879933 | BP12: 63101560867 | BQ12: 4083951433 | BR12: 2832862791 | BS12: 2481035063 | BT12: 6627937943 | BU12: 19842544062 | BV12: 179734637423 | BW12: 9397849287 | BX12: 1815421730 | BY12: 1815421730 | CK12: 1815421730 | CO12: =BG12-AP12 -> 14401353519 | CP12: =IF(AP12<>0,CO12/AP12,"") -> 0.071576729 | CQ12: =AP12/D12 -> 1.1537501 | CR12: =BG12/AP12 -> 1.0715767
A13: =IF((E13+V13)<>0, "in", "ẩn") -> in | C13: + DT - KTT - Daily | D13: 41816349253 | E13: 10669311274 | F13: 2570714182 | G13: 1530253608 | H13: 2016551772 | I13: 4551791712 | J13: 6488911285 | K13: 4060850756 | L13: 6721621934 | M13: 4475550994 | N13: 2729573370 | O13: 2448836220 | P13: 2558733980 | Q13: 1662959440 | R13: 6117519562 | S13: 15101553753 | T13: 13926746298 | U13: 6670529640 | V13: 4.7876034e+10 | W13: 4.7876034e+10 | X13: 2374483990 | Y13: 1761977800 | Z13: 2.5509423e+09 | AA13: 5.3833532e+09 | AB13: 6.0858257e+09 | AC13: 5.824115e+09 | AD13: 6.7620527e+09 | AE13: 5.2343116e+09 | AF13: 3.3963307e+09 | AG13: 3.9253457e+09 | AH13: 2.8070008e+09 | AI13: 1.7702943e+09 | AK13: 6.6874041e+09 | AL13: 1.7293294e+10 | AM13: 1.5392695e+10 | AN13: 8.5026408e+09 | AO13: 1.1449118 | AP13: 45036083653 | AQ13: 2374483990 | AR13: 1761977800 | AS13: 1849758900 | AT13: 5568182040 | AU13: 5763981360 | AV13: 5407600440 | AW13: 5334000711 | AX13: 5800635116 | AY13: 4480430840 | AZ13: 2707678470 | BA13: 1871237346 | BB13: 2116116640 | BC13: 5986220690 | BD13: 16739763840 | BE13: 15615066667 | BF13: 6695032456 | BG13: 55546294310 | BH13: 1815421730 | BI13: 1927707792 | BJ13: 2884808421 | BK13: 6554506114 | BL13: 6082975380 | BM13: 7205062568 | BN13: 6989093106 | BO13: 7476076683 | BP13: 5212793229 | BQ13: 4083951433 | BR13: 2832862791 | BS13: 2481035063 | BT13: 6627937943 | BU13: 19842544062 | BV13: 19677963018 | BW13: 9397849287 | BX13: 1815421730 | BY13: 1815421730 | CK13: 1815421730 | CO13: =BG13-AP13 -> 10510210657 | CP13: =IF(AP13<>0,CO13/AP13,"") -> 0.2333731 | CQ13: =AP13/D13 -> 1.076997 | CR13: =BG13/AP13 -> 1.2333731
A14: =IF((E14+V14)<>0, "in", "ẩn") -> in | C14: + DT - KTT - Trung thu | D14: 132572898822 | E14: 0 | F14: 0 | G14: 0 | H14: 0 | I14: 0 | J14: 0 | K14: 4867613784 | L14: 43947769599 | M14: 66193350531 | N14: 17564164908 | O14: 0 | P14: 0 | Q14: 0 | R14: 0 | S14: 4867613784 | T14: 127705285038 | U14: 0 | V14: 1.4782746e+11 | W14: 1.4782746e+11 | X14: 0 | Y14: 0 | Z14: 0 | AA14: 0 | AB14: 0 | AC14: 0 | AD14: 4.4097429e+10 | AE14: 6.2137693e+10 | AF14: 4.1592334e+10 | AG14: 0 | AH14: 0 | AI14: 0 | AK14: 0 | AL14: 0 | AM14: 1.4782746e+11 | AN14: 0 | AO14: 1.1150654 | AP14: 156165531543 | AW14: 29493907136 | AX14: 58901884908 | AY14: 67759058299 | AZ14: 10681200 | BC14: 0 | BD14: 0 | BE14: 156154850343 | BF14: 10681200 | BG14: 160056674405 | BH14: 0 | BI14: 0 | BJ14: 0 | BK14: 0 | BL14: 0 | BM14: 0 | BN14: 34944103517 | BO14: 67223803250 | BP14: 57888767638 | BQ14: 0 | BR14: 0 | BS14: 0 | BT14: 0 | BU14: 0 | BV14: 160056674405 | BW14: 0 | BX14: 0 | CO14: =BG14-AP14 -> 3891142862 | CP14: =IF(AP14<>0,CO14/AP14,"") -> 0.024916784 | CQ14: =AP14/D14 -> 1.1779597 | CR14: =BG14/AP14 -> 1.0249168
A15: =IF((E15+V15)<>0, "in", "ẩn") -> in | C15: - Doanh thu hoạt động thương mại khác | D15: 846947640 | E15: 0 | F15: 0 | G15: 0 | H15: 0 | I15: 0 | J15: 0 | K15: 0 | L15: 0 | M15: 0 | N15: 0 | O15: 0 | P15: 0 | Q15: 846947640 | R15: 0 | S15: 0 | T15: 0 | U15: 846947640 | V15: 6693890507 | W15: 6693890507 | X15: 6508273987 | Y15: 185616520 | Z15: 0 | AA15: 0 | AB15: 0 | AC15: 0 | AD15: 0 | AE15: 0 | AF15: 0 | AG15: 0 | AH15: 0 | AI15: 0 | AK15: 6693890507 | AL15: 0 | AM15: 0 | AN15: 0 | AO15: 7.903547 | AP15: 6693890507 | AQ15: 6508273987 | AR15: 185616520 | AS15: 0 | AT15: 0 | AU15: 0 | AV15: 0 | AW15: 0 | AX15: 0 | AY15: 0 | AZ15: 0 | BA15: 0 | BB15: 0 | BC15: 6693890507 | BD15: 0 | BE15: 0 | BF15: 0 | BG15: 3960646296 | BH15: 0 | BI15: 3960646296 | BJ15: 0 | BK15: 0 | BL15: 0 | BM15: 0 | BN15: 0 | BO15: 0 | BP15: 0 | BQ15: 0 | BR15: 0 | BS15: 0 | BT15: 3960646296 | BU15: 0 | BV15: 0 | BW15: 0 | BX15: 0 | BY15: 0 | CK15: 0 | CO15: =BG15-AP15 -> -2733244211 | CP15: =IF(AP15<>0,CO15/AP15,"") -> -0.40831923 | CQ15: =AP15/D15 -> 7.903547 | CR15: =BG15/AP15 -> 0.59168077
A16: =IF((E16+V16)<>0, "in", "ẩn") -> in | C16: + Bánh chưng truyền thống cho Kem TT | D16: 846947640 | E16: 0 | F16: 0 | G16: 0 | H16: 0 | I16: 0 | J16: 0 | K16: 0 | L16: 0 | M16: 0 | N16: 0 | O16: 0 | P16: 0 | Q16: 846947640 | R16: 0 | S16: 0 | T16: 0 | U16: 846947640 | V16: 3246143200 | W16: 3246143200 | X16: 3088804480 | Y16: 157338720 | Z16: 0 | AA16: 0 | AB16: 0 | AC16: 0 | AD16: 0 | AE16: 0 | AF16: 0 | AG16: 0 | AH16: 0 | AI16: 0 | AK16: 3246143200 | AL16: 0 | AM16: 0 | AN16: 0 | AO16: 3.8327555 | AP16: 3246143200 | AQ16: 3088804480 | AR16: 157338720 | BC16: 3246143200 | BD16: 0 | BE16: 0 | BF16: 0 | BG16: 0 | BT16: 0 | BU16: 0 | BV16: 0 | BW16: 0 | BX16: 0 | CO16: =BG16-AP16 -> -3246143200 | CP16: =IF(AP16<>0,CO16/AP16,"") -> -1 | CQ16: =AP16/D16 -> 3.8327555 | CR16: =BG16/AP16 -> 0
A17: =IF((E17+V17)<>0, "in", "ẩn") -> in | C17: + Hộp quà tết cho vietinbank và khách lẻ | D17: 0 | E17: 0 | F17: 0 | G17: 0 | H17: 0 | I17: 0 | J17: 0 | K17: 0 | L17: 0 | M17: 0 | N17: 0 | O17: 0 | P17: 0 | Q17: 0 | R17: 0 | S17: 0 | T17: 0 | U17: 0 | V17: 3447747307 | W17: 3447747307 | X17: 3419469507 | Y17: 28277800 | Z17: 0 | AA17: 0 | AB17: 0 | AC17: 0 | AD17: 0 | AE17: 0 | AF17: 0 | AG17: 0 | AH17: 0 | AI17: 0 | AK17: 3447747307 | AL17: 0 | AM17: 0 | AN17: 0 | AP17: 3447747307 | AQ17: 3419469507 | AR17: 28277800 | BC17: 3447747307 | BD17: 0 | BE17: 0 | BF17: 0 | BG17: 3960646296 | BH17: 0 | BI17: 3960646296 | BJ17: 0 | BK17: 0 | BL17: 0 | BM17: 0 | BN17: 0 | BO17: 0 | BP17: 0 | BQ17: 0 | BR17: 0 | BS17: 0 | BT17: 3960646296 | BU17: 0 | BV17: 0 | BW17: 0 | BX17: 0 | BY17: 0 | CK17: 0 | CO17: =BG17-AP17 -> 512898989 | CP17: =IF(AP17<>0,CO17/AP17,"") -> 0.14876351 | CQ17: =AP17/D17 -> #DIV/0! | CR17: =BG17/AP17 -> 1.1487635
A18: =IF((E18+V18)<>0, "in", "ẩn") -> in | C18: - Doanh thu liên quan đến condotel | D18: 127907224 | E18: 0 | F18: 0 | G18: 0 | H18: 0 | I18: 0 | J18: 0 | K18: 33227272 | L18: 20000000 | M18: 0 | N18: 17814772 | O18: 0 | P18: 10000000 | Q18: 46865180 | R18: 0 | S18: 33227272 | T18: 37814772 | U18: 56865180 | V18: 2.222096e+08 | W18: 2.222096e+08 | X18: 0 | Y18: 0 | Z18: 96882464 | AA18: 0 | AB18: 0 | AC18: 41897453 | AD18: 0 | AE18: 0 | AF18: 43843045 | AG18: 0 | AH18: 0 | AI18: 39586634 | AK18: 96882464 | AL18: 41897453 | AM18: 43843045 | AN18: 39586634 | AO18: 1.7372717 | AP18: 613915665 | AQ18: 0 | AR18: 0 | AS18: 96882464 | AT18: 40000000 | AU18: 30000000 | AV18: 181015513 | AW18: 20000000 | AX18: 20000000 | AY18: 114196206 | AZ18: 10000000 | BA18: 0 | BB18: 101821482 | BC18: 96882464 | BD18: 251015513 | BE18: 154196206 | BF18: 111821482 | BG18: 548586726 | BH18: 10000000 | BI18: 10000000 | BJ18: 82570710 | BK18: 20000000 | BL18: 10000000 | BM18: 130117064 | BN18: 30000000 | BO18: 20000000 | BP18: 109486396 | BQ18: 10000000 | BR18: 10000000 | BS18: 106412556 | BT18: 102570710 | BU18: 160117064 | BV18: 159486396 | BW18: 126412556 | BX18: 0 | BY18: 0 | CK18: 0 | CO18: =BG18-AP18 -> -65328939 | CP18: =IF(AP18<>0,CO18/AP18,"") -> -0.10641354 | CQ18: =AP18/D18 -> 4.799695 | CR18: =BG18/AP18 -> 0.89358646
A19: =IF((E19+V19)<>0, "in", "ẩn") -> ẩn | C19: + Doanh thu chuyển nhượng condotel | D19: 0 | E19: 0 | F19: 0 | G19: 0 | H19: 0 | I19: 0 | J19: 0 | K19: 0 | L19: 0 | M19: 0 | N19: 0 | O19: 0 | R19: 0 | S19: 0 | T19: 0 | U19: 0 | V19: 0 | W19: 0 | AK19: 0 | AL19: 0 | AM19: 0 | AN19: 0 | AP19: 0 | AQ19: 0 | AR19: 0 | AS19: 0 | AT19: 0 | AU19: 0 | AV19: 0 | AW19: 0 | AX19: 0 | AY19: 0 | AZ19: 0 | BA19: 0 | BB19: 0 | BC19: 0 | BD19: 0 | BE19: 0 | BF19: 0 | BG19: 0 | BH19: 0 | BI19: 0 | BJ19: 0 | BK19: 0 | BL19: 0 | BM19: 0 | BN19: 0 | BO19: 0 | BP19: 0 | BQ19: 0 | BR19: 0 | BS19: 0 | BT19: 0 | BU19: 0 | BV19: 0 | BW19: 0 | BX19: 0 | BY19: 0 | CK19: 0 | CO19: =BG19-AP19 -> 0 | CP19: =IF(AP19<>0,CO19/AP19,"") | CQ19: =AP19/D19 -> #DIV/0! | CR19: =BG19/AP19 -> #DIV/0!
A20: =IF((E20+V20)<>0, "in", "ẩn") -> in | C20: +Doanh thu phí chuyển nhượng condotel | D20: 70000000 | E20: 0 | F20: 0 | K20: 20000000 | L20: 20000000 | P20: 10000000 | Q20: 20000000 | R20: 0 | S20: 20000000 | T20: 20000000 | U20: 30000000 | V20: 80000000 | W20: 80000000 | X20: 0 | Y20: 0 | Z20: 40000000 | AA20: 0 | AB20: 0 | AC20: 10000000 | AD20: 0 | AE20: 0 | AF20: 20000000 | AG20: 0 | AH20: 0 | AI20: 10000000 | AK20: 40000000 | AL20: 10000000 | AM20: 20000000 | AN20: 10000000 | AO20: 1.1428571 | AP20: 280000000 | AQ20: 0 | AR20: 0 | AS20: 40000000 | AT20: 40000000 | AU20: 30000000 | AV20: 90000000 | AW20: 20000000 | AX20: 20000000 | AY20: 20000000 | AZ20: 10000000 | BA20: 0 | BB20: 10000000 | BC20: 40000000 | BD20: 160000000 | BE20: 60000000 | BF20: 20000000 | BG20: 200000000 | BH20: 10000000 | BI20: 10000000 | BJ20: 20000000 | BK20: 20000000 | BL20: 10000000 | BM20: 30000000 | BN20: 30000000 | BO20: 20000000 | BP20: 20000000 | BQ20: 10000000 | BR20: 10000000 | BS20: 10000000 | BT20: 40000000 | BU20: 60000000 | BV20: 70000000 | BW20: 30000000 | BX20: 0 | BY20: 0 | CK20: 0 | CO20: =BG20-AP20 -> -80000000 | CP20: =IF(AP20<>0,CO20/AP20,"") -> -0.28571429 | CQ20: =AP20/D20 -> 4 | CR20: =BG20/AP20 -> 0.71428571
A21: =IF((E21+V21)<>0, "in", "ẩn") -> in | C21: + Doanh thu tímeshare | D21: 57907224 | E21: 0 | F21: 0 | G21: 0 | H21: 0 | I21: 0 | J21: 0 | K21: 13227272 | L21: 0 | M21: 0 | N21: 17814772 | O21: 0 | P21: 0 | Q21: 26865180 | R21: 0 | S21: 13227272 | T21: 17814772 | U21: 26865180 | V21: 1.422096e+08 | W21: 1.422096e+08 | X21: 0 | Y21: 0 | Z21: 56882464 | AA21: 0 | AB21: 0 | AC21: 31897453 | AD21: 0 | AE21: 0 | AF21: 23843045 | AG21: 0 | AH21: 0 | AI21: 29586634 | AK21: 56882464 | AL21: 31897453 | AM21: 23843045 | AN21: 29586634 | AO21: 2.4558179 | AP21: 333915665 | AQ21: 0 | AR21: 0 | AS21: 56882464 | AT21: 0 | AU21: 0 | AV21: 91015513 | AW21: 0 | AX21: 0 | AY21: 94196206 | AZ21: 0 | BA21: 0 | BB21: 91821482 | BC21: 56882464 | BD21: 91015513 | BE21: 94196206 | BF21: 91821482 | BG21: 348586726 | BH21: 0 | BI21: 0 | BJ21: 62570710 | BK21: 0 | BL21: 0 | BM21: 100117064 | BN21: 0 | BO21: 0 | BP21: 89486396 | BQ21: 0 | BR21: 0 | BS21: 96412556 | BT21: 62570710 | BU21: 100117064 | BV21: 89486396 | BW21: 96412556 | BX21: 0 | BY21: 0 | CK21: 0 | CO21: =BG21-AP21 -> 14671061 | CP21: =IF(AP21<>0,CO21/AP21,"") -> 0.043936426 | CQ21: =AP21/D21 -> 5.7663905 | CR21: =BG21/AP21 -> 1.0439364
A22: =IF((E22+V22)<>0, "in", "ẩn") -> in | C22: - Doanh thu HĐ khác (thu hộ, chi hộ tổng kết) | D22: 310138889 | E22: 0 | I22: 0 | J22: 0 | K22: 0 | L22: 0 | M22: 0 | N22: 0 | O22: 0 | P22: 0 | Q22: 310138889 | R22: 0 | S22: 0 | T22: 0 | U22: 310138889 | V22: 84922038 | W22: 84922038 | X22: 84922038 | Y22: 0 | Z22: 0 | AA22: 0 | AB22: 0 | AC22: 0 | AD22: 0 | AE22: 0 | AF22: 0 | AG22: 0 | AH22: 0 | AI22: 0 | AK22: 84922038 | AL22: 0 | AM22: 0 | AN22: 0 | AO22: 0.27381938 | AP22: 969470373 | AQ22: 84922038 | AR22: 0 | AS22: 0 | AT22: 0 | AU22: 0 | AV22: 0 | AW22: 0 | AX22: 0 | AY22: 0 | AZ22: 0 | BA22: 11115000 | BB22: 873433335 | BC22: 84922038 | BD22: 0 | BE22: 0 | BF22: 884548335 | BG22: 0 | BH22: 0 | BI22: 0 | BJ22: 0 | BK22: 0 | BL22: 0 | BM22: 0 | BN22: 0 | BO22: 0 | BP22: 0 | BQ22: 0 | BR22: 0 | BS22: 0 | BT22: 0 | BU22: 0 | BV22: 0 | BW22: 0 | BX22: 0 | BY22: 0 | CK22: 0 | CO22: =BG22-AP22 -> -969470373 | CP22: =IF(AP22<>0,CO22/AP22,"") -> -1 | CQ22: =AP22/D22 -> 3.1259233 | CR22: =BG22/AP22 -> 0
A23: =IF((E23+V23)<>0, "in", "ẩn") -> ẩn | C23: 2. Các khoản giảm trừ doanh thu | D23: 2391574 | E23: 0 | F23: 0 | G23: 0 | H23: 0 | I23: 0 | J23: 0 | K23: 0 | L23: 0 | M23: 0 | N23: 0 | O23: 2391574 | P23: 0 | Q23: 0 | R23: 0 | S23: 0 | T23: 0 | U23: 2391574 | V23: 0 | W23: 0 | X23: 0 | Y23: 0 | Z23: 0 | AA23: 0 | AB23: 0 | AC23: 0 | AD23: 0 | AE23: 0 | AF23: 0 | AG23: 0 | AH23: 0 | AI23: 0 | AK23: 0 | AL23: 0 | AM23: 0 | AN23: 0 | AO23: 0 | AP23: 2813779 | AQ23: 0 | AR23: 1048000 | AS23: 0 | AT23: 0 | AU23: 1100931 | AV23: 0 | AW23: 0 | AX23: 0 | AY23: 0 | AZ23: 664848 | BA23: 0 | BB23: 0 | BC23: 1048000 | BD23: 1100931 | BE23: 0 | BF23: 664848 | BG23: 0 | BH23: 0 | BI23: 0 | BJ23: 0 | BK23: 0 | BL23: 0 | BM23: 0 | BN23: 0 | BO23: 0 | BP23: 0 | BQ23: 0 | BR23: 0 | BS23: 0 | BT23: 0 | BU23: 0 | BV23: 0 | BW23: 0 | BX23: 0 | BY23: 0 | CK23: 0 | CO23: =BG23-AP23 -> -2813779 | CP23: =IF(AP23<>0,CO23/AP23,"") -> -1 | CQ23: =AP23/D23 -> 1.1765385 | CR23: =BG23/AP23 -> 0
A24: =IF((E24+V24)<>0, "in", "ẩn") -> ẩn | C24: - Chiết khấu thương mại | D24: 0 | E24: 0 | R24: 0 | S24: 0 | T24: 0 | U24: 0 | V24: 0 | W24: 0 | AK24: 0 | AL24: 0 | AM24: 0 | AN24: 0 | AP24: 0 | BC24: 0 | BD24: 0 | BE24: 0 | BF24: 0 | BG24: 0 | BT24: 0 | BU24: 0 | BV24: 0 | BW24: 0 | BX24: 0 | CO24: =BG24-AP24 -> 0 | CP24: =IF(AP24<>0,CO24/AP24,"") | CQ24: =AP24/D24 -> #DIV/0! | CR24: =BG24/AP24 -> #DIV/0!
A25: =IF((E25+V25)<>0, "in", "ẩn") -> ẩn | C25: - Giảm giá hàng bán | D25: 0 | E25: 0 | F25: 0 | G25: 0 | H25: 0 | I25: 0 | J25: 0 | K25: 0 | L25: 0 | M25: 0 | N25: 0 | O25: 0 | P25: 0 | Q25: 0 | R25: 0 | S25: 0 | T25: 0 | U25: 0 | V25: 0 | W25: 0 | X25: 0 | Y25: 0 | Z25: 0 | AA25: 0 | AB25: 0 | AC25: 0 | AD25: 0 | AE25: 0 | AF25: 0 | AG25: 0 | AH25: 0 | AI25: 0 | AK25: 0 | AL25: 0 | AM25: 0 | AN25: 0 | AP25: 1048000 | AQ25: 0 | AR25: 1048000 | AS25: 0 | AT25: 0 | AU25: 0 | AV25: 0 | AW25: 0 | AX25: 0 | AY25: 0 | AZ25: 0 | BA25: 0 | BB25: 0 | BC25: 1048000 | BD25: 0 | BE25: 0 | BF25: 0 | BG25: 0 | BH25: 0 | BI25: 0 | BJ25: 0 | BK25: 0 | BL25: 0 | BM25: 0 | BN25: 0 | BO25: 0 | BP25: 0 | BQ25: 0 | BR25: 0 | BS25: 0 | BT25: 0 | BU25: 0 | BV25: 0 | BW25: 0 | BX25: 0 | BY25: 0 | CK25: 0 | CO25: =BG25-AP25 -> -1048000 | CP25: =IF(AP25<>0,CO25/AP25,"") -> -1 | CQ25: =AP25/D25 -> #DIV/0! | CR25: =BG25/AP25 -> 0
A26: =IF((E26+V26)<>0, "in", "ẩn") -> ẩn | C26: - hàng bán bị trả lại | D26: 2391574 | E26: 0 | F26: 0 | G26: 0 | H26: 0 | I26: 0 | J26: 0 | K26: 0 | L26: 0 | M26: 0 | N26: 0 | O26: 2391574 | P26: 0 | Q26: 0 | R26: 0 | S26: 0 | T26: 0 | U26: 2391574 | V26: 0 | W26: 0 | X26: 0 | Y26: 0 | Z26: 0 | AA26: 0 | AB26: 0 | AC26: 0 | AD26: 0 | AE26: 0 | AF26: 0 | AG26: 0 | AH26: 0 | AI26: 0 | AK26: 0 | AL26: 0 | AM26: 0 | AN26: 0 | AO26: 0 | AP26: 1765779 | AQ26: 0 | AR26: 0 | AS26: 0 | AT26: 0 | AU26: 1100931 | AV26: 0 | AW26: 0 | AX26: 0 | AY26: 0 | AZ26: 664848 | BA26: 0 | BB26: 0 | BC26: 0 | BD26: 1100931 | BE26: 0 | BF26: 664848 | BG26: 0 | BH26: 0 | BI26: 0 | BJ26: 0 | BK26: 0 | BL26: 0 | BM26: 0 | BN26: 0 | BO26: 0 | BP26: 0 | BQ26: 0 | BR26: 0 | BS26: 0 | BT26: 0 | BU26: 0 | BV26: 0 | BW26: 0 | BX26: 0 | BY26: 0 | CK26: 0 | CO26: =BG26-AP26 -> -1765779 | CP26: =IF(AP26<>0,CO26/AP26,"") -> -1 | CQ26: =AP26/D26 -> 0.73833342 | CR26: =BG26/AP26 -> 0
A27: =IF((E27+V27)<>0, "in", "ẩn") -> ẩn | C27: - Thuế tiêu thụ ĐB, Thuế xuất khẩu phải nộp | D27: 0 | E27: 0 | R27: 0 | S27: 0 | T27: 0 | U27: 0 | V27: 0 | W27: 0 | AK27: 0 | AL27: 0 | AM27: 0 | AN27: 0 | AP27: 0 | BC27: 0 | BD27: 0 | BE27: 0 | BF27: 0 | BG27: 0 | BT27: 0 | BU27: 0 | BV27: 0 | BW27: 0 | BX27: 0 | CO27: =BG27-AP27 -> 0 | CP27: =IF(AP27<>0,CO27/AP27,"") | CQ27: =AP27/D27 -> #DIV/0! | CR27: =BG27/AP27 -> #DIV/0!
A28: =IF((E28+V28)<>0, "in", "ẩn") -> in | C28: 3. Doanh thu thuần về bán hàng và cung cấp dịch vụ (10 = 01 - 02) | D28: 251735629906 | E28: 28074834024 | F28: 8625085726 | G28: 3123216088 | H28: 6873593666 | I28: 9452938544 | J28: 12187684327 | K28: 14572553903 | L28: 57110446262 | M28: 81979724061 | N28: 27445755387 | O28: 10023023647 | P28: 8751235578 | Q28: 11590372717 | R28: 18621895480 | S28: 36213176774 | T28: 166535925710 | U28: 30364631942 | V28: 2.8388901e+11 | W28: 2.8388901e+11 | X28: 1.3890605e+10 | Y28: 6.7959294e+09 | Z28: 8.7641859e+09 | AA28: 1.1350535e+10 | AB28: 1.2053007e+10 | AC28: 1.1460245e+10 | AD28: 5.7113188e+10 | AE28: 7.8874245e+10 | AF28: 5.4010531e+10 | AG28: 1.0638425e+10 | AH28: 9.1471312e+09 | AI28: 9.7909863e+09 | AK28: 2.945072e+10 | AL28: 3.4863787e+10 | AM28: 1.8999796e+11 | AN28: 2.9576543e+10 | AO28: 1.1277268 | AP28: 290849364419 | AQ28: 13797963587 | AR28: 6658826230 | AS28: 9019405457 | AT28: 11016654074 | AU28: 11809085391 | AV28: 10390531914 | AW28: 41024125459 | AX28: 73871522687 | AY28: 80278102476 | AZ28: 11306164799 | BA28: 8531991581 | BB28: 13144990764 | BC28: 29476195274 | BD28: 33216271379 | BE28: 195173750622 | BF28: 32983147144 | BG28: 303818820953 | BH28: 7430996486 | BI28: 8583276880 | BJ28: 10174546674 | BK28: 12180080870 | BL28: 11934279308 | BM28: 12940754388 | BN28: 49533062151 | BO28: 84816242627 | BP28: 72959961527 | BQ28: 12101915370 | BR28: 8966700330 | BS28: 12197004342 | BT28: 26188820040 | BU28: 37055114566 | BV28: 207309266305 | BW28: 33265620042 | BX28: 8054506984 | BY28: 8054506984 | CK28: 8054506984 | CO28: =BG28-AP28 -> 12969456534 | CP28: =IF(AP28<>0,CO28/AP28,"") -> 0.044591662 | CQ28: =AP28/D28 -> 1.1553762 | CR28: =BG28/AP28 -> 1.0445917
A29: =IF((E29+V29)<>0, "in", "ẩn") -> in | C29: 4. Giá vốn hàng bán | D29: 231346666296 | E29: 25422073947 | F29: 7805180024 | G29: 2838392433 | H29: 6199087938 | I29: 8579413552 | J29: 11070737060 | K29: 13271538977 | L29: 52763714267 | M29: 76245376692 | N29: 25361766850 | O29: 9048980524 | P29: 7907134663 | Q29: 10255343316 | R29: 16842660395 | S29: 32921689589 | T29: 154370857809 | U29: 27211458503 | V29: 2.6122328e+11 | W29: 2.6122328e+11 | X29: 1.181808e+10 | Y29: 6.1402081e+09 | Z29: 7.8953471e+09 | AA29: 1.042509e+10 | AB29: 1.1081049e+10 | AC29: 1.0498437e+10 | AD29: 5.2959891e+10 | AE29: 7.329279e+10 | AF29: 5.0217994e+10 | AG29: 9.7252763e+09 | AH29: 8.3326551e+09 | AI29: 8.8364592e+09 | AK29: 2.5853635e+10 | AL29: 3.2004575e+10 | AM29: 1.7647067e+11 | AN29: 2.6894391e+10 | AO29: 1.1291422 | AP29: 267099534221 | AQ29: 11723079196 | AR29: 6027309576 | AS29: 8115781155 | AT29: 10067966819 | AU29: 10787121764 | AV29: 9327814791 | AW29: 37875065022 | AX29: 68586055201 | AY29: 74638812097 | AZ29: 10272549090 | BA29: 7756915117 | BB29: 11921064393 | BC29: 25866169927 | BD29: 30182903374 | BE29: 181099932320 | BF29: 29950528600 | BG29: 280015516319 | BH29: 6755081961 | BI29: 7793153910 | BJ29: 9188732975 | BK29: 11131877837 | BL29: 10915233570 | BM29: 11732965898 | BN29: 45778470589 | BO29: 78766092027 | BP29: 67791910047 | BQ29: 11016993095 | BR29: 8161586611 | BS29: 10983417799 | BT29: 23736968846 | BU29: 33780077305 | BV29: 192336472663 | BW29: 30161997505 | BX29: 7325483177 | BY29: 7325483177 | CK29: 7325483177 | CO29: =BG29-AP29 -> 12915982098 | CP29: =IF(AP29<>0,CO29/AP29,"") -> 0.048356438 | CQ29: =AP29/D29 -> 1.1545424 | CR29: =BG29/AP29 -> 1.0483564
A30: =IF((E30+V30)<>0, "in", "ẩn") -> in | C30: - GV mua hàng để bán hàng cho Givral | D30: 68316845843 | E30: 15579102828 | F30: 5420218210 | G30: 1416906756 | H30: 4347889639 | I30: 4394088223 | J30: 5107226643 | K30: 5027790863 | L30: 5763730719 | M30: 10219811699 | N30: 6420416282 | O30: 6795766086 | P30: 5554039682 | Q30: 7848961041 | R30: 11185014605 | S30: 14529105729 | T30: 22403958700 | U30: 20198766809 | V30: 7.3039102e+10 | W30: 7.3039102e+10 | X30: 4.4248993e+09 | Y30: 4.3578553e+09 | Z30: 5.4976021e+09 | AA30: 5.3635143e+09 | AB30: 5.3635143e+09 | AC30: 5.0282946e+09 | AD30: 5.627812e+09 | AE30: 1.0372419e+10 | AF30: 8.0968033e+09 | AG30: 6.0339535e+09 | AH30: 5.6987339e+09 | AI30: 7.1737003e+09 | AK30: 1.4280357e+10 | AL30: 1.5755323e+10 | AM30: 2.4097034e+10 | AN30: 1.8906388e+10 | AO30: 1.0691229 | AP30: 73476365552 | AQ30: 4333616469 | AR30: 4241238614 | AS30: 6391646649 | AT30: 4881923313 | AU30: 5436790975 | AV30: 4340558601 | AW30: 5575131561 | AX30: 8264495546 | AY30: 7169507126 | AZ30: 7755543597 | BA30: 6002542391 | BB30: 9083370710 | BC30: 14966501732 | BD30: 14659272889 | BE30: 21009134233 | BF30: 22841456698 | BG30: 75638268099 | BH30: 5063870958 | BI30: 2422492564 | BJ30: 6510691233 | BK30: 5063870958 | BL30: 5282756790 | BM30: 5063870958 | BN30: 6840416674 | BO30: 9123472526 | BP30: 8816783484 | BQ30: 7234101369 | BR30: 5535018942 | BS30: 8680921643 | BT30: 13997054755 | BU30: 15410498706 | BV30: 24780672684 | BW30: 21450041954 | BX30: 5634272173 | BY30: 5634272173 | CK30: 5634272173 | CO30: =BG30-AP30 -> 2161902547 | CP30: =IF(AP30<>0,CO30/AP30,"") -> 0.029423101 | CQ30: =AP30/D30 -> 1.0755234 | CR30: =BG30/AP30 -> 1.0294231
A31: =IF((E31+V31)<>0, "in", "ẩn") -> in | C31: + GV - Givral - Daily | D31: 62963585843 | E31: 15579102828 | F31: 5420218210 | G31: 1416906756 | H31: 4347889639 | I31: 4394088223 | J31: 5107226643 | K31: 4662480863 | L31: 5575750719 | M31: 6602741699 | N31: 5237516282 | O31: 6795766086 | P31: 5554039682 | Q31: 7848961041 | R31: 11185014605 | S31: 14163795729 | T31: 17416008700 | U31: 20198766809 | V31: 6.7043928e+10 | W31: 6.7043928e+10 | X31: 4.4248993e+09 | Y31: 4.3578553e+09 | Z31: 5.4976021e+09 | AA31: 5.3635143e+09 | AB31: 5.3635143e+09 | AC31: 5.0282946e+09 | AD31: 5.0282946e+09 | AE31: 7.3748321e+09 | AF31: 5.6987339e+09 | AG31: 6.0339535e+09 | AH31: 5.6987339e+09 | AI31: 7.1737003e+09 | AK31: 1.4280357e+10 | AL31: 1.5755323e+10 | AM31: 1.8101861e+10 | AN31: 1.8906388e+10 | AO31: 1.0648048 | AP31: 70279141552 | AQ31: 4333616469 | AR31: 4241238614 | AS31: 6391646649 | AT31: 4881923313 | AU31: 5436790975 | AV31: 4340558601 | AW31: 5270931561 | AX31: 7088480546 | AY31: 5452498126 | AZ31: 7755543597 | BA31: 6002542391 | BB31: 9083370710 | BC31: 14966501732 | BD31: 14659272889 | BE31: 17811910233 | BF31: 22841456698 | BG31: 72341013692 | BH31: 5063870958 | BI31: 2422492564 | BJ31: 6510691233 | BK31: 5063870958 | BL31: 5282756790 | BM31: 5063870958 | BN31: 6510691233 | BO31: 7738625675 | BP31: 7234101369 | BQ31: 7234101369 | BR31: 5535018942 | BS31: 8680921643 | BT31: 13997054755 | BU31: 15410498706 | BV31: 21483418277 | BW31: 21450041954 | BX31: 5634272173 | BY31: 5634272173 | CK31: 5634272173 | CO31: =BG31-AP31 -> 2061872140 | CP31: =IF(AP31<>0,CO31/AP31,"") -> 0.029338323 | CQ31: =AP31/D31 -> 1.1161871 | CR31: =BG31/AP31 -> 1.0293383
A32: =IF((E32+V32)<>0, "in", "ẩn") -> in | C32: + GV - Givral - Trung thu | D32: 5353260000 | E32: 0 | F32: 0 | G32: 0 | H32: 0 | I32: 0 | J32: 0 | K32: 365310000 | L32: 1.8798e+08 | M32: 3617070000 | N32: 1182900000 | O32: 0 | P32: 0 | Q32: 0 | R32: 0 | S32: 365310000 | T32: 4987950000 | U32: 0 | V32: 5.9951735e+09 | W32: 5.9951735e+09 | X32: 0 | Y32: 0 | Z32: 0 | AA32: 0 | AB32: 0 | AC32: 0 | AD32: 5.9951735e+08 | AE32: 2.9975867e+09 | AF32: 2.3980694e+09 | AG32: 0 | AH32: 0 | AI32: 0 | AK32: 0 | AL32: 0 | AM32: 5.9951735e+09 | AN32: 0 | AO32: 1.1199108 | AP32: 3197224000 | AW32: 304200000 | AX32: 1176015000 | AY32: 1717009000 | BC32: 0 | BD32: 0 | BE32: 3197224000 | BF32: 0 | BG32: 3297254407 | BH32: 0 | BI32: 0 | BJ32: 0 | BK32: 0 | BL32: 0 | BM32: 0 | BN32: 329725441 | BO32: 1384846851 | BP32: 1582682115 | BQ32: 0 | BR32: 0 | BS32: 0 | BT32: 0 | BU32: 0 | BV32: 3297254407 | BW32: 0 | BX32: 0 | CO32: =BG32-AP32 -> 100030407 | CP32: =IF(AP32<>0,CO32/AP32,"") -> 0.031286643 | CQ32: =AP32/D32 -> 0.59724803 | CR32: =BG32/AP32 -> 1.0312866
A33: =IF((E33+V33)<>0, "in", "ẩn") -> in | C33: - GV mua hàng để bán hàng cho KTT | D33: 162124694873 | E33: 9842971119 | F33: 2384961814 | G33: 1421485677 | H33: 1851198299 | I33: 4185325329 | J33: 5962494816 | K33: 8241124478 | L33: 46997359912 | M33: 66022941357 | N33: 18938726932 | O33: 2249496256 | P33: 2349376799 | Q33: 1520203204 | R33: 5657645790 | S33: 18388944623 | T33: 131959028201 | U33: 6119076259 | V33: 1.8276904e+11 | W33: 1.8276904e+11 | X33: 2182543104 | Y33: 1615042488 | Z33: 2.3940268e+09 | AA33: 5.0578572e+09 | AB33: 5.7138163e+09 | AC33: 5.4664238e+09 | AD33: 4.7328361e+10 | AE33: 6.2916653e+10 | AF33: 4.2117472e+10 | AG33: 3.6876046e+09 | AH33: 2.6302031e+09 | AI33: 1.6590407e+09 | AK33: 6.1916124e+09 | AL33: 1.6238097e+10 | AM33: 1.5236249e+11 | AN33: 7.9768483e+09 | AO33: 1.1273362 | AP33: 187311821217 | AQ33: 2182543104 | AR33: 1615042488 | AS33: 1720416324 | AT33: 5182325324 | AU33: 5346612607 | AV33: 4983538008 | AW33: 32296215279 | AX33: 60317841473 | AY33: 67462076789 | AZ33: 2509777311 | BA33: 1736029544 | BB33: 1959402966 | BC33: 5518001916 | BD33: 15512475939 | BE33: 160076133541 | BF33: 6205209821 | BG33: 200712789719 | BH33: 1683982821 | BI33: 1785712847 | BJ33: 2670813560 | BK33: 6060778697 | BL33: 5625248598 | BM33: 6661866758 | BN33: 38930825733 | BO33: 69635391319 | BP33: 58967898381 | BQ33: 3775663544 | BR33: 2619339487 | BS33: 2295267974 | BT33: 6140509228 | BU33: 18347894053 | BV33: 167534115433 | BW33: 8690271005 | BX33: 1683982822 | BY33: 1683982822 | CK33: 1683982822 | CO33: =BG33-AP33 -> 13400968502 | CP33: =IF(AP33<>0,CO33/AP33,"") -> 0.071543635 | CQ33: =AP33/D33 -> 1.1553565 | CR33: =BG33/AP33 -> 1.0715436
A34: =IF((E34+V34)<>0, "in", "ẩn") -> in | C34: + GV - KTT - Daily | D34: 38429827473 | E34: 9842971119 | F34: 2384961814 | G34: 1421485677 | H34: 1851198299 | I34: 4185325329 | J34: 5962494816 | K34: 3734074678 | L34: 6173012712 | M34: 4095632227 | N34: 2502567662 | O34: 2249496256 | P34: 2349376799 | Q34: 1520201204 | R34: 5657645790 | S34: 13881894823 | T34: 12771212601 | U34: 6119074259 | V34: 4.4842176e+10 | W34: 4.4842176e+10 | X34: 2182543104 | Y34: 1615042488 | Z34: 2.3940268e+09 | AA34: 5.0578572e+09 | AB34: 5.7138163e+09 | AC34: 5.4664238e+09 | AD34: 6.3397446e+09 | AE34: 4.9094795e+09 | AF34: 3.1863939e+09 | AG34: 3.6876046e+09 | AH34: 2.6302031e+09 | AI34: 1.6590407e+09 | AK34: 6.1916124e+09 | AL34: 1.6238097e+10 | AM34: 1.4435618e+10 | AN34: 7.9768483e+09 | AO34: 1.1668586 | AP34: 41614188377 | AQ34: 2182543104 | AR34: 1615042488 | AS34: 1720416324 | AT34: 5182325324 | AU34: 5346612607 | AV34: 4983538008 | AW34: 4920500399 | AX34: 5367856213 | AY34: 4099418489 | AZ34: 2500502911 | BA34: 1736029544 | BB34: 1959402966 | BC34: 5518001916 | BD34: 15512475939 | BE34: 14387775101 | BF34: 6195935421 | BG34: 51370227920 | BH34: 1683982821 | BI34: 1785712847 | BJ34: 2670813560 | BK34: 6060778697 | BL34: 5625248598 | BM34: 6661866758 | BN34: 6460980595 | BO34: 6911515363 | BP34: 4819057676 | BQ34: 3775663544 | BR34: 2619339487 | BS34: 2295267974 | BT34: 6140509228 | BU34: 18347894053 | BV34: 18191553634 | BW34: 8690271005 | BX34: 1683982822 | BY34: 1683982822 | CK34: 1683982822 | CO34: =BG34-AP34 -> 9756039543 | CP34: =IF(AP34<>0,CO34/AP34,"") -> 0.23444022 | CQ34: =AP34/D34 -> 1.0828617 | CR34: =BG34/AP34 -> 1.2344402
A35: =IF((E35+V35)<>0, "in", "ẩn") -> in | C35: + GV - KTT - Trung thu | D35: 123694865400 | E35: 0 | F35: 0 | G35: 0 | H35: 0 | I35: 0 | J35: 0 | K35: 4507049800 | L35: 40824347200 | M35: 61927309130 | N35: 16436159270 | O35: 0 | P35: 0 | Q35: 0 | R35: 0 | S35: 4507049800 | T35: 119187815600 | U35: 0 | V35: 1.3792687e+11 | W35: 1.3792687e+11 | X35: 0 | Y35: 0 | Z35: 0 | AA35: 0 | AB35: 0 | AC35: 0 | AD35: 4.0988616e+10 | AE35: 5.8007173e+10 | AF35: 3.8931078e+10 | AG35: 0 | AH35: 0 | AI35: 0 | AK35: 0 | AL35: 0 | AM35: 1.3792687e+11 | AN35: 0 | AO35: 1.1150573 | AP35: 145697632840 | AW35: 27375714880 | AX35: 54949985260 | AY35: 63362658300 | AZ35: 9274400 | BC35: 0 | BD35: 0 | BE35: 145688358440 | BF35: 9274400 | BG35: 149342561799 | BH35: 0 | BI35: 0 | BJ35: 0 | BK35: 0 | BL35: 0 | BM35: 0 | BN35: 32469845138 | BO35: 62723875956 | BP35: 54148840705 | BQ35: 0 | BR35: 0 | BS35: 0 | BT35: 0 | BU35: 0 | BV35: 149342561799 | BW35: 0 | BX35: 0 | CO35: =BG35-AP35 -> 3644928959 | CP35: =IF(AP35<>0,CO35/AP35,"") -> 0.025017077 | CQ35: =AP35/D35 -> 1.1778794 | CR35: =BG35/AP35 -> 1.0250171
A36: =IF((E36+V36)<>0, "in", "ẩn") -> in | C36: - GV hoạt động thương mại khác | D36: 572322000 | E36: 0 | F36: 0 | G36: 0 | H36: 0 | I36: 0 | J36: 0 | K36: 0 | L36: 0 | M36: 0 | N36: 0 | O36: 0 | P36: 0 | Q36: 572322000 | R36: 0 | S36: 0 | T36: 0 | U36: 572322000 | V36: 5285589695 | W36: 5285589695 | X36: 5121997585 | Y36: 163592110 | Z36: 0 | AA36: 0 | AB36: 0 | AC36: 0 | AD36: 0 | AE36: 0 | AF36: 0 | AG36: 0 | AH36: 0 | AI36: 0 | AK36: 5285589695 | AL36: 0 | AM36: 0 | AN36: 0 | AO36: 9.2353425 | AP36: 5285589695 | AQ36: 5121997585 | AR36: 163592110 | AS36: 0 | AT36: 0 | AU36: 0 | AV36: 0 | AW36: 0 | AX36: 0 | AY36: 0 | AZ36: 0 | BA36: 0 | BB36: 0 | BC36: 5285589695 | BD36: 0 | BE36: 0 | BF36: 0 | BG36: 3577720317 | BH36: 0 | BI36: 3577720317 | BJ36: 0 | BK36: 0 | BL36: 0 | BM36: 0 | BN36: 0 | BO36: 0 | BP36: 0 | BQ36: 0 | BR36: 0 | BS36: 0 | BT36: 3577720317 | BU36: 0 | BV36: 0 | BW36: 0 | BX36: 0 | BY36: 0 | CK36: 0 | CO36: =BG36-AP36 -> -1707869378 | CP36: =IF(AP36<>0,CO36/AP36,"") -> -0.32311804 | CQ36: =AP36/D36 -> 9.2353425 | CR36: =BG36/AP36 -> 0.67688196
A37: =IF((E37+V37)<>0, "in", "ẩn") -> in | C37: + GV Bánh chưng truyền thống cho Kem TT | D37: 572322000 | E37: 0 | F37: 0 | G37: 0 | H37: 0 | I37: 0 | J37: 0 | K37: 0 | L37: 0 | M37: 0 | N37: 0 | O37: 0 | P37: 0 | Q37: 572322000 | R37: 0 | S37: 0 | T37: 0 | U37: 572322000 | V37: 2238550000 | W37: 2238550000 | X37: 2098069000 | Y37: 140481000 | Z37: 0 | AA37: 0 | AB37: 0 | AC37: 0 | AD37: 0 | AE37: 0 | AF37: 0 | AG37: 0 | AH37: 0 | AI37: 0 | AK37: 2238550000 | AL37: 0 | AM37: 0 | AN37: 0 | AO37: 3.9113471 | AP37: 2238550000 | AQ37: 2098069000 | AR37: 140481000 | BC37: 2238550000 | BD37: 0 | BE37: 0 | BF37: 0 | BG37: 0 | BT37: 0 | BU37: 0 | BV37: 0 | BW37: 0 | BX37: 0 | BY37: 0 | CK37: 0 | CO37: =BG37-AP37 -> -2238550000 | CP37: =IF(AP37<>0,CO37/AP37,"") -> -1 | CQ37: =AP37/D37 -> 3.9113471 | CR37: =BG37/AP37 -> 0
A38: =IF((E38+V38)<>0, "in", "ẩn") -> in | C38: + GV Hộp quà tết cho vietinbank và khách lẻ | D38: 0 | E38: 0 | F38: 0 | G38: 0 | H38: 0 | I38: 0 | J38: 0 | K38: 0 | L38: 0 | M38: 0 | N38: 0 | O38: 0 | P38: 0 | Q38: 0 | R38: 0 | S38: 0 | T38: 0 | U38: 0 | V38: 3047039695 | W38: 3047039695 | X38: 3023928585 | Y38: 23111110 | Z38: 0 | AA38: 0 | AB38: 0 | AC38: 0 | AD38: 0 | AE38: 0 | AF38: 0 | AG38: 0 | AH38: 0 | AI38: 0 | AK38: 3047039695 | AL38: 0 | AM38: 0 | AN38: 0 | AP38: 3047039695 | AQ38: 3023928585 | AR38: 23111110 | BC38: 3047039695 | BD38: 0 | BE38: 0 | BF38: 0 | BG38: 3577720317 | BH38: 0 | BI38: 3577720317 | BJ38: 0 | BK38: 0 | BL38: 0 | BM38: 0 | BN38: 0 | BO38: 0 | BP38: 0 | BQ38: 0 | BR38: 0 | BS38: 0 | BT38: 3577720317 | BU38: 0 | BV38: 0 | BW38: 0 | BX38: 0 | BY38: 0 | CK38: 0 | CO38: =BG38-AP38 -> 530680622 | CP38: =IF(AP38<>0,CO38/AP38,"") -> 0.17416269 | CQ38: =AP38/D38 -> #DIV/0! | CR38: =BG38/AP38 -> 1.1741627
A39: =IF((E39+V39)<>0, "in", "ẩn") -> in | C39: - Giá vốn liên quan đến condotel | D39: 22664691 | E39: 0 | F39: 0 | G39: 0 | H39: 0 | I39: 0 | J39: 1015601 | K39: 2623636 | L39: 2623636 | M39: 2623636 | N39: 2623636 | O39: 3718182 | P39: 3718182 | Q39: 3718182 | R39: 0 | S39: 3639237 | T39: 7870908 | U39: 11154546 | V39: 44618184 | W39: 44618184 | X39: 3718182 | Y39: 3718182 | Z39: 3718182 | AA39: 3718182 | AB39: 3718182 | AC39: 3718182 | AD39: 3718182 | AE39: 3718182 | AF39: 3718182 | AG39: 3718182 | AH39: 3718182 | AI39: 3718182 | AK39: 11154546 | AL39: 11154546 | AM39: 11154546 | AN39: 11154546 | AO39: 1.9686209 | AP39: 58658184 | AQ39: 0 | AR39: 7436364 | AS39: 3718182 | AT39: 3718182 | AU39: 3718182 | AV39: 3718182 | AW39: 3718182 | AX39: 3718182 | AY39: 7228182 | AZ39: 7228182 | BA39: 7228182 | BB39: 7228182 | BC39: 11154546 | BD39: 11154546 | BE39: 14664546 | BF39: 21684546 | BG39: 86738184 | BH39: 7228182 | BI39: 7228182 | BJ39: 7228182 | BK39: 7228182 | BL39: 7228182 | BM39: 7228182 | BN39: 7228182 | BO39: 7228182 | BP39: 7228182 | BQ39: 7228182 | BR39: 7228182 | BS39: 7228182 | BT39: 21684546 | BU39: 21684546 | BV39: 21684546 | BW39: 21684546 | BX39: 7228182 | BY39: 7228182 | CK39: 7228182 | CO39: =BG39-AP39 -> 28080000 | CP39: =IF(AP39<>0,CO39/AP39,"") -> 0.47870558 | CQ39: =AP39/D39 -> 2.5880866 | CR39: =BG39/AP39 -> 1.4787056
A40: =IF((E40+V40)<>0, "in", "ẩn") -> ẩn | C40: + GV chuyển nhượng condotel | D40: 0 | E40: 0 | F40: 0 | G40: 0 | H40: 0 | I40: 0 | J40: 0 | K40: 0 | L40: 0 | M40: 0 | N40: 0 | O40: 0 | P40: 0 | Q40: 0 | R40: 0 | S40: 0 | T40: 0 | U40: 0 | V40: 0 | W40: 0 | X40: 0 | Y40: 0 | Z40: 0 | AA40: 0 | AB40: 0 | AC40: 0 | AD40: 0 | AE40: 0 | AF40: 0 | AG40: 0 | AH40: 0 | AI40: 0 | AK40: 0 | AL40: 0 | AM40: 0 | AN40: 0 | AP40: 0 | AQ40: 0 | AR40: 0 | AS40: 0 | AT40: 0 | AU40: 0 | AV40: 0 | AW40: 0 | AX40: 0 | AY40: 0 | AZ40: 0 | BA40: 0 | BB40: 0 | BC40: 0 | BD40: 0 | BE40: 0 | BF40: 0 | BG40: 0 | BH40: 0 | BI40: 0 | BJ40: 0 | BK40: 0 | BL40: 0 | BM40: 0 | BN40: 0 | BO40: 0 | BP40: 0 | BQ40: 0 | BR40: 0 | BS40: 0 | BT40: 0 | BU40: 0 | BV40: 0 | BW40: 0 | BX40: 0 | BY40: 0 | CK40: 0 | CO40: =BG40-AP40 -> 0 | CP40: =IF(AP40<>0,CO40/AP40,"") | CQ40: =AP40/D40 -> #DIV/0! | CR40: =BG40/AP40 -> #DIV/0!
A41: =IF((E41+V41)<>0, "in", "ẩn") -> in | C41: + Giá vốn phí quản lý/ bảo trì condotel | D41: 22664691 | E41: 0 | F41: 0 | G41: 0 | H41: 0 | I41: 0 | J41: 1015601 | K41: 2623636 | L41: 2623636 | M41: 2623636 | N41: 2623636 | O41: 3718182 | P41: 3718182 | Q41: 3718182 | R41: 0 | S41: 3639237 | T41: 7870908 | U41: 11154546 | V41: 44618184 | W41: 44618184 | X41: 3718182 | Y41: 3718182 | Z41: 3718182 | AA41: 3718182 | AB41: 3718182 | AC41: 3718182 | AD41: 3718182 | AE41: 3718182 | AF41: 3718182 | AG41: 3718182 | AH41: 3718182 | AI41: 3718182 | AK41: 11154546 | AL41: 11154546 | AM41: 11154546 | AN41: 11154546 | AO41: 1.9686209 | AP41: 58658184 | AQ41: 0 | AR41: 7436364 | AS41: 3718182 | AT41: 3718182 | AU41: 3718182 | AV41: 3718182 | AW41: 3718182 | AX41: 3718182 | AY41: 7228182 | AZ41: 7228182 | BA41: 7228182 | BB41: 7228182 | BC41: 11154546 | BD41: 11154546 | BE41: 14664546 | BF41: 21684546 | BG41: 86738184 | BH41: 7228182 | BI41: 7228182 | BJ41: 7228182 | BK41: 7228182 | BL41: 7228182 | BM41: 7228182 | BN41: 7228182 | BO41: 7228182 | BP41: 7228182 | BQ41: 7228182 | BR41: 7228182 | BS41: 7228182 | BT41: 21684546 | BU41: 21684546 | BV41: 21684546 | BW41: 21684546 | BX41: 7228182 | BY41: 7228182 | CK41: 7228182 | CO41: =BG41-AP41 -> 28080000 | CP41: =IF(AP41<>0,CO41/AP41,"") -> 0.47870558 | CQ41: =AP41/D41 -> 2.5880866 | CR41: =BG41/AP41 -> 1.4787056
A42: =IF((E42+V42)<>0, "in", "ẩn") -> in | C42: - GV HĐ khác | D42: 310138889 | E42: 0 | H42: 0 | I42: 0 | J42: 0 | K42: 0 | L42: 0 | M42: 0 | N42: 0 | O42: 0 | P42: 0 | Q42: 310138889 | R42: 0 | S42: 0 | T42: 0 | U42: 310138889 | V42: 84922038 | W42: 84922038 | X42: 84922038 | Y42: 0 | Z42: 0 | AA42: 0 | AB42: 0 | AC42: 0 | AD42: 0 | AE42: 0 | AF42: 0 | AG42: 0 | AH42: 0 | AI42: 0 | AK42: 84922038 | AL42: 0 | AM42: 0 | AN42: 0 | AO42: 0.27381938 | AP42: 967099573 | AQ42: 84922038 | AR42: 0 | AS42: 0 | AT42: 0 | AU42: 0 | AV42: 0 | AW42: 0 | AX42: 0 | AY42: 0 | AZ42: 0 | BA42: 11115000 | BB42: 871062535 | BC42: 84922038 | BD42: 0 | BE42: 0 | BF42: 882177535 | BG42: 0 | BH42: 0 | BI42: 0 | BJ42: 0 | BK42: 0 | BL42: 0 | BM42: 0 | BN42: 0 | BO42: 0 | BP42: 0 | BQ42: 0 | BR42: 0 | BS42: 0 | BT42: 0 | BU42: 0 | BV42: 0 | BW42: 0 | BX42: 0 | BY42: 0 | CK42: 0 | CO42: =BG42-AP42 -> -967099573 | CP42: =IF(AP42<>0,CO42/AP42,"") -> -1 | CQ42: =AP42/D42 -> 3.118279 | CR42: =BG42/AP42 -> 0
A43: =IF((E43+V43)<>0, "in", "ẩn") -> in | C43: 5. Lợi nhuận gộp bán hàng và cung cấp dịch vụ (20 = 10 - 11) | D43: 20388963610 | E43: 2652760077 | F43: 819905702 | G43: 284823655 | H43: 674505728 | I43: 873524992 | J43: 1116947267 | K43: 1301014926 | L43: 4346731995 | M43: 5734347369 | N43: 2083988537 | O43: 974043123 | P43: 844100915 | Q43: 1335029401 | R43: 1779235085 | S43: 3291487185 | T43: 12165067901 | U43: 3153173439 | V43: 2.2665738e+10 | W43: 2.2665738e+10 | X43: 2.0725247e+09 | Y43: 6.5572125e+08 | Z43: 8.6883883e+08 | AA43: 9.2544509e+08 | AB43: 9.7195852e+08 | AC43: 9.6180868e+08 | AD43: 4.1532969e+09 | AE43: 5.5814554e+09 | AF43: 3.792537e+09 | AG43: 9.1314868e+08 | AH43: 8.1447608e+08 | AI43: 9.5452719e+08 | AK43: 3.5970847e+09 | AL43: 2.8592123e+09 | AM43: 1.3527289e+10 | AN43: 2.682152e+09 | AO43: 1.111667 | AP43: 23749830198 | AQ43: 2074884391 | AR43: 631516654 | AS43: 903624302 | AT43: 948687255 | AU43: 1021963627 | AV43: 1062717123 | AW43: 3149060437 | AX43: 5285467486 | AY43: 5639290379 | AZ43: 1033615709 | BA43: 775076464 | BB43: 1223926371 | BC43: 3610025347 | BD43: 3033368005 | BE43: 14073818302 | BF43: 3032618544 | BG43: 23803304634 | BH43: 675914525 | BI43: 790122970 | BJ43: 985813699 | BK43: 1048203033 | BL43: 1019045738 | BM43: 1207788490 | BN43: 3754591562 | BO43: 6050150600 | BP43: 5168051480 | BQ43: 1084922275 | BR43: 805113719 | BS43: 1213586543 | BT43: 2451851194 | BU43: 3275037261 | BV43: 14972793642 | BW43: 3103622537 | BX43: 729023807 | BY43: 729023807 | CK43: 729023807 | CO43: =BG43-AP43 -> 53474436 | CP43: =IF(AP43<>0,CO43/AP43,"") -> 0.0022515713 | CQ43: =AP43/D43 -> 1.1648375 | CR43: =BG43/AP43 -> 1.0022516
A44: =IF((E44+V44)<>0, "in", "ẩn") -> in | C44: - LN gộp bán hàng cho Givral | D44: 7744542235 | E44: 1826419922 | F44: 634153334 | G44: 176055724 | H44: 509152255 | I44: 507058609 | J44: 591546399 | K44: 583071228 | L44: 657324010 | M44: 1091010837 | N44: 713786055 | O44: 778421341 | P44: 628461916 | Q44: 874500527 | R44: 1319361313 | S44: 1681676236 | T44: 2462120902 | U44: 2281383784 | V44: 8.1453991e+09 | W44: 8.1453991e+09 | X44: 4.9802555e+08 | Y44: 4.9047971e+08 | Z44: 6.1875902e+08 | AA44: 6.0366734e+08 | AB44: 6.0366734e+08 | AC44: 5.6593813e+08 | AD44: 6.2589386e+08 | AE44: 1.1298213e+09 | AF44: 8.8121948e+08 | AG44: 6.7912576e+08 | AH44: 6.4139655e+08 | AI44: 8.0740507e+08 | AK44: 1.6072643e+09 | AL44: 1.7732728e+09 | AM44: 2.6369346e+09 | AN44: 2.1279274e+09 | AO44: 1.0517599 | AP44: 7895819974 | AQ44: 496667103 | AR44: 471041296 | AS44: 681117444 | AT44: 526548721 | AU44: 578313056 | AV44: 461357360 | AW44: 601086051 | AX44: 884507117 | AY44: 754910005 | AZ44: 822926380 | BA44: 647096844 | BB44: 970248597 | BC44: 1648825843 | BD44: 1566219137 | BE44: 2240503173 | BF44: 2440271821 | BG44: 8068351117 | BH44: 541703798 | BI44: 262430228 | BJ44: 696476310 | BK44: 541703798 | BL44: 558547138 | BM44: 541703798 | BN44: 729448854 | BO44: 972890168 | BP44: 932130780 | BQ44: 773862568 | BR44: 588818597 | BS44: 928635080 | BT44: 1500610336 | BU44: 1641954734 | BV44: 2634469802 | BW44: 2291316245 | BX44: 604813081 | BY44: 604813081 | CK44: 604813081 | CO44: =BG44-AP44 -> 172531143 | CP44: =IF(AP44<>0,CO44/AP44,"") -> 0.021850947 | CQ44: =AP44/D44 -> 1.0195335 | CR44: =BG44/AP44 -> 1.0218509
A45: =IF((E45+V45)<>0, "in", "ẩn") -> in | C45: - LN gộp bán hàng cho Kem TT | D45: 12264553202 | E45: 826340155 | F45: 185752368 | G45: 108767931 | H45: 165353473 | I45: 366466383 | J45: 526416469 | K45: 687340062 | L45: 3672031621 | M45: 4645960168 | N45: 1355011346 | O45: 199339964 | P45: 209357181 | Q45: 142756236 | R45: 459873772 | S45: 1580222914 | T45: 9673003135 | U45: 551453381 | V45: 1.2934447e+10 | W45: 1.2934447e+10 | X45: 191940886 | Y45: 146935312 | Z45: 1.5691553e+08 | AA45: 3.2549593e+08 | AB45: 3.7200937e+08 | AC45: 3.5769128e+08 | AD45: 3.5311212e+09 | AE45: 4.4553523e+09 | AF45: 2.8711926e+09 | AG45: 2.3774111e+08 | AH45: 1.7679772e+08 | AI45: 1.1125368e+08 | AK45: 4.9579173e+08 | AL45: 1.0551966e+09 | AM45: 1.0857666e+10 | AN45: 5.257925e+08 | AO45: 1.0546203 | AP45: 13888081131 | AQ45: 191940886 | AR45: 145887312 | AS45: 129342576 | AT45: 385856716 | AU45: 417368753 | AV45: 424062432 | AW45: 2531692568 | AX45: 4384678551 | AY45: 4777412350 | AZ45: 207917511 | BA45: 135207802 | BB45: 156713674 | BC45: 467170774 | BD45: 1227287901 | BE45: 11693783469 | BF45: 499838987 | BG45: 14890178996 | BH45: 131438909 | BI45: 141994945 | BJ45: 213994861 | BK45: 493727417 | BL45: 457726782 | BM45: 543195810 | BN45: 3002370890 | BO45: 5064488614 | BP45: 4133662486 | BQ45: 308287889 | BR45: 213523304 | BS45: 185767089 | BT45: 487428715 | BU45: 1494650009 | BV45: 12200521990 | BW45: 707578282 | BX45: 131438908 | BY45: 131438908 | CK45: 131438908 | CO45: =BG45-AP45 -> 1002097865 | CP45: =IF(AP45<>0,CO45/AP45,"") -> 0.072155243 | CQ45: =CO13-CO34 -> 754171114 | CR45: =CQ45/CO34 -> 0.077302999
A46: =IF((E46+V46)<>0, "in", "ẩn") -> in | C46: - LN gộp hoạt động thương mại khác | F46: 0 | G46: 0 | H46: 0 | I46: 0 | J46: 0 | K46: 0 | L46: 0 | M46: 0 | N46: 0 | O46: 0 | P46: 0 | Q46: 274625640 | R46: 0 | S46: 0 | T46: 0 | U46: 274625640 | V46: 1408300812 | W46: 1408300812 | X46: 1386276402 | Y46: 22024410 | Z46: 0 | AA46: 0 | AB46: 0 | AC46: 0 | AD46: 0 | AE46: 0 | AF46: 0 | AG46: 0 | AH46: 0 | AI46: 0 | AK46: 1408300812 | AL46: 0 | AM46: 0 | AN46: 0 | AP46: 1408300812 | AQ46: 1386276402 | AR46: 22024410 | AS46: 0 | AT46: 0 | AU46: 0 | AV46: 0 | AW46: 0 | AX46: 0 | AY46: 0 | AZ46: 0 | BA46: 0 | BB46: 0 | BC46: 1408300812 | BD46: 0 | BE46: 0 | BF46: 0 | BG46: 382925979 | BH46: 0 | BI46: 382925979 | BJ46: 0 | BK46: 0 | BL46: 0 | BM46: 0 | BN46: 0 | BO46: 0 | BP46: 0 | BQ46: 0 | BR46: 0 | BS46: 0 | BT46: 382925979 | BU46: 0 | BV46: 0 | BW46: 0 | BX46: 0 | BY46: 0 | CK46: 0 | CO46: =BG46-AP46 -> -1025374833 | CP46: =IF(AP46<>0,CO46/AP46,"") -> -0.72809362
A47: =IF((E47+V47)<>0, "in", "ẩn") -> in | C47: - LN gộp liên quan đến condotel | D47: 105242533 | E47: 0 | F47: 0 | G47: 0 | H47: 0 | I47: 0 | J47: -1015601 | K47: 30603636 | L47: 17376364 | M47: -2623636 | N47: 15191136 | O47: -3718182 | P47: 6281818 | Q47: 43146998 | R47: 0 | S47: 29588035 | T47: 29943864 | U47: 45710634 | V47: 1.7759141e+08 | W47: 1.7759141e+08 | X47: -3718182 | Y47: -3718182 | Z47: 93164282 | AA47: -3718182 | AB47: -3718182 | AC47: 38179271 | AD47: -3718182 | AE47: -3718182 | AF47: 40124863 | AG47: -3718182 | AH47: -3718182 | AI47: 35868452 | AK47: 85727918 | AL47: 30742907 | AM47: 32688499 | AN47: 28432088 | AO47: 1.6874491 | AP47: 555257481 | AQ47: 0 | AR47: -7436364 | AS47: 93164282 | AT47: 36281818 | AU47: 26281818 | AV47: 177297331 | AW47: 16281818 | AX47: 16281818 | AY47: 106968024 | AZ47: 2771818 | BA47: -7228182 | BB47: 94593300 | BC47: 85727918 | BD47: 239860967 | BE47: 139531660 | BF47: 90136936 | BG47: 461848542 | BH47: 2771818 | BI47: 2771818 | BJ47: 75342528 | BK47: 12771818 | BL47: 2771818 | BM47: 122888882 | BN47: 22771818 | BO47: 12771818 | BP47: 102258214 | BQ47: 2771818 | BR47: 2771818 | BS47: 99184374 | BT47: 80886164 | BU47: 138432518 | BV47: 137801850 | BW47: 104728010 | BX47: -7228182 | BY47: -7228182 | CK47: -7228182 | CO47: =BG47-AP47 -> -93408939 | CP47: =IF(AP47<>0,CO47/AP47,"") -> -0.16822635
A48: =IF((E48+V48)<>0, "in", "ẩn") -> ẩn | C48: + LN gộp chuyển nhượng condotel | D48: 0 | E48: 0 | F48: 0 | G48: 0 | H48: 0 | I48: 0 | J48: 0 | K48: 0 | L48: 0 | M48: 0 | N48: 0 | O48: 0 | P48: 0 | Q48: 0 | R48: 0 | S48: 0 | T48: 0 | U48: 0 | V48: 0 | W48: 0 | X48: 0 | Y48: 0 | Z48: 0 | AA48: 0 | AB48: 0 | AC48: 0 | AD48: 0 | AE48: 0 | AF48: 0 | AG48: 0 | AH48: 0 | AI48: 0 | AK48: 0 | AL48: 0 | AM48: 0 | AN48: 0 | AP48: 0 | AQ48: 0 | AR48: 0 | AS48: 0 | AT48: 0 | AU48: 0 | AV48: 0 | AW48: 0 | AX48: 0 | AY48: 0 | AZ48: 0 | BA48: 0 | BB48: 0 | BC48: 0 | BD48: 0 | BE48: 0 | BF48: 0 | BG48: 0 | BH48: 0 | BI48: 0 | BJ48: 0 | BK48: 0 | BL48: 0 | BM48: 0 | BN48: 0 | BO48: 0 | BP48: 0 | BQ48: 0 | BR48: 0 | BS48: 0 | BT48: 0 | BU48: 0 | BV48: 0 | BW48: 0 | BX48: 0 | BY48: 0 | CK48: 0 | CO48: =BG48-AP48 -> 0 | CP48: =IF(AP48<>0,CO48/AP48,"")
A49: =IF((E49+V49)<>0, "in", "ẩn") -> in | C49: +LN gộp phí chuyển nhượng condotel | D49: 70000000 | E49: 0 | F49: 0 | G49: 0 | H49: 0 | I49: 0 | J49: 0 | K49: 20000000 | L49: 20000000 | M49: 0 | N49: 0 | O49: 0 | P49: 10000000 | Q49: 20000000 | R49: 0 | S49: 20000000 | T49: 20000000 | U49: 30000000 | V49: 80000000 | W49: 80000000 | X49: 0 | Y49: 0 | Z49: 40000000 | AA49: 0 | AB49: 0 | AC49: 10000000 | AD49: 0 | AE49: 0 | AF49: 20000000 | AG49: 0 | AH49: 0 | AI49: 10000000 | AK49: 40000000 | AL49: 10000000 | AM49: 20000000 | AN49: 10000000 | AO49: 1.1428571 | AP49: 280000000 | AQ49: 0 | AR49: 0 | AS49: 40000000 | AT49: 40000000 | AU49: 30000000 | AV49: 90000000 | AW49: 20000000 | AX49: 20000000 | AY49: 20000000 | AZ49: 10000000 | BA49: 0 | BB49: 10000000 | BC49: 40000000 | BD49: 160000000 | BE49: 60000000 | BF49: 20000000 | BG49: 200000000 | BH49: 10000000 | BI49: 10000000 | BJ49: 20000000 | BK49: 20000000 | BL49: 10000000 | BM49: 30000000 | BN49: 30000000 | BO49: 20000000 | BP49: 20000000 | BQ49: 10000000 | BR49: 10000000 | BS49: 10000000 | BT49: 40000000 | BU49: 60000000 | BV49: 70000000 | BW49: 30000000 | BX49: 0 | BY49: 0 | CK49: 0 | CO49: =BG49-AP49 -> -80000000 | CP49: =IF(AP49<>0,CO49/AP49,"") -> -0.28571429
A50: =IF((E50+V50)<>0, "in", "ẩn") -> in | C50: + LN gộp tímeshare | D50: 35242533 | E50: 0 | F50: 0 | G50: 0 | H50: 0 | I50: 0 | J50: -1015601 | K50: 10603636 | L50: -2623636 | M50: -2623636 | N50: 15191136 | O50: -3718182 | P50: -3718182 | Q50: 23146998 | R50: 0 | S50: 9588035 | T50: 9943864 | U50: 15710634 | V50: 97591413 | W50: 97591413 | X50: -3718182 | Y50: -3718182 | Z50: 53164282 | AA50: -3718182 | AB50: -3718182 | AC50: 28179271 | AD50: -3718182 | AE50: -3718182 | AF50: 20124863 | AG50: -3718182 | AH50: -3718182 | AI50: 25868452 | AK50: 45727918 | AL50: 20742907 | AM50: 12688499 | AN50: 18432088 | AO50: 2.7691373 | AP50: 275257481 | AQ50: 0 | AR50: -7436364 | AS50: 53164282 | AT50: -3718182 | AU50: -3718182 | AV50: 87297331 | AW50: -3718182 | AX50: -3718182 | AY50: 86968024 | AZ50: -7228182 | BA50: -7228182 | BB50: 84593300 | BC50: 45727918 | BD50: 79860967 | BE50: 79531660 | BF50: 70136936 | BG50: 261848542 | BH50: -7228182 | BI50: -7228182 | BJ50: 55342528 | BK50: -7228182 | BL50: -7228182 | BM50: 92888882 | BN50: -7228182 | BO50: -7228182 | BP50: 82258214 | BQ50: -7228182 | BR50: -7228182 | BS50: 89184374 | BT50: 40886164 | BU50: 78432518 | BV50: 67801850 | BW50: 74728010 | BX50: -7228182 | BY50: -7228182 | CK50: -7228182 | CO50: =BG50-AP50 -> -13408939 | CP50: =IF(AP50<>0,CO50/AP50,"") -> -0.048714167
A51: =IF((E51+V51)<>0, "in", "ẩn") -> ẩn | C51: - LN gộp HĐ khác (thu hộ, chi hộ…) | D51: 0 | E51: 0 | F51: 0 | G51: 0 | H51: 0 | I51: 0 | J51: 0 | K51: 0 | L51: 0 | M51: 0 | N51: 0 | O51: 0 | P51: 0 | Q51: 0 | R51: 0 | S51: 0 | T51: 0 | U51: 0 | V51: 0 | W51: 0 | X51: 0 | Y51: 0 | Z51: 0 | AA51: 0 | AB51: 0 | AC51: 0 | AD51: 0 | AE51: 0 | AF51: 0 | AG51: 0 | AH51: 0 | AI51: 0 | AK51: 0 | AL51: 0 | AM51: 0 | AN51: 0 | AP51: 2370800 | AQ51: 0 | AR51: 0 | AS51: 0 | AT51: 0 | AU51: 0 | AV51: 0 | AW51: 0 | AX51: 0 | AY51: 0 | AZ51: 0 | BA51: 0 | BB51: 2370800 | BC51: 0 | BD51: 0 | BE51: 0 | BF51: 2370800 | BG51: 0 | BH51: 0 | BI51: 0 | BJ51: 0 | BK51: 0 | BL51: 0 | BM51: 0 | BN51: 0 | BO51: 0 | BP51: 0 | BQ51: 0 | BR51: 0 | BS51: 0 | BT51: 0 | BU51: 0 | BV51: 0 | BW51: 0 | BX51: 0 | BY51: 0 | CK51: 0 | CO51: =BG51-AP51 -> -2370800 | CP51: =IF(AP51<>0,CO51/AP51,"") -> -1
A52: =IF((E52+V52)<>0, "in", "ẩn") -> in | C52: 6. Doanh thu hoạt động tài chính | D52: 51570147310 | E52: 11246849687 | F52: 655022626 | G52: 569001286 | H52: 9443122750 | I52: 579703025 | J52: 9888987518 | K52: 9307971703 | L52: 583611514 | M52: 582732913 | N52: 9375664751 | O52: 587563553 | P52: 599930515 | Q52: 9396835156 | R52: 10667146662 | S52: 19776662246 | T52: 10542009178 | U52: 10584329224 | V52: 4.0931091e+10 | W52: 4.0931091e+10 | X52: 6.2389752e+08 | Y52: 6.4330585e+08 | Z52: 6.8226146e+09 | AA52: 5.9551947e+08 | AB52: 6.1834136e+08 | AC52: 6.8132943e+09 | AD52: 5.8135506e+08 | AE52: 5.8135506e+08 | AF52: 6.8833987e+09 | AG52: 5.8135506e+08 | AH52: 5.6260167e+08 | AI52: 1.5624052e+10 | AK52: 8.089818e+09 | AL52: 8.0271552e+09 | AM52: 8.0461088e+09 | AN52: 1.6768009e+10 | AO52: 0.79369738 | AP52: 39161007973 | AQ52: 625973700 | AR52: 645288535 | AS52: 6810307508 | AT52: 5470427080 | AU52: 649316118 | AV52: 6979832739 | AW52: 582617569 | AX52: 583377890 | AY52: 7350977585 | AZ52: 649777174 | BA52: 597995809 | BB52: 8215116266 | BC52: 8081569743 | BD52: 13099575937 | BE52: 8516973044 | BF52: 9462889249 | BG52: 377256482784 | BH52: 583255055 | BI52: 526994889 | BJ52: 8733335675 | BK52: 564501666 | BL52: 583255055 | BM52: 8277104614 | BN52: 583255055 | BO52: 564501666 | BP52: 7847517833 | BQ52: 340583255055 | BR52: 564501666 | BS52: 7845004555 | BT52: 9843585619 | BU52: 9424861335 | BV52: 8995274554 | BW52: 348992761276 | BX52: 582635965 | BY52: 582635965 | CK52: 582635965 | CO52: =BG52-AP52 -> 338095474811 | CP52: =IF(AP52<>0,CO52/AP52,"") -> 8.6334722
A53: =IF((E53+V53)<>0, "in", "ẩn") -> in | C53: - Lãi tiền gửi | D53: 20285589620 | E53: 5396074025 | F53: 73667571 | G53: 25153009 | H53: 5280152087 | I53: 17101358 | J53: 9097063 | K53: 5163754428 | L53: 2256459 | M53: 1377858 | N53: 5192089063 | O53: 6208498 | P53: 37328848 | Q53: 4477403378 | R53: 5378972667 | S53: 5189952849 | T53: 5195723380 | U53: 4520940724 | V53: 7.3869288e+09 | W53: 7.3869288e+09 | X53: 42542466 | Y53: 1.1821096e+08 | Z53: 1.8556274e+09 | AA53: 32917808 | AB53: 36986301 | AC53: 1.7540312e+09 | AD53: 0 | AE53: 0 | AF53: 1.7733063e+09 | AG53: 0 | AH53: 0 | AI53: 1.7733063e+09 | AK53: 2.0163808e+09 | AL53: 1.8239353e+09 | AM53: 1.7733063e+09 | AN53: 1.7733063e+09 | AO53: 0.36414661 | AP53: 8598283316 | AQ53: 44618645 | AR53: 120193646 | AS53: 1843320258 | AT53: 20973983 | AU53: 67961063 | AV53: 1754280463 | AW53: 1262514 | AX53: 2022835 | AY53: 1812961342 | AZ53: 68422119 | BA53: 35394142 | BB53: 2826872306 | BC53: 2008132549 | BD53: 1843215509 | BE53: 1816246691 | BF53: 2930688567 | BG53: 5626815890 | BH53: 1900000 | BI53: 1900000 | BJ53: 1383573425 | BK53: 1900000 | BL53: 1900000 | BM53: 1399111507 | BN53: 1900000 | BO53: 1900000 | BP53: 1414465479 | BQ53: 1900000 | BR53: 1900000 | BS53: 1414465479 | BT53: 1387373425 | BU53: 1402911507 | BV53: 1418265479 | BW53: 1418265479 | BX53: 1280910 | BY53: 1280910 | CK53: 1280910 | CO53: =BG53-AP53 -> -2971467426 | CP53: =IF(AP53<>0,CO53/AP53,"") -> -0.34558845
A54: =IF((E54+V54)<>0, "in", "ẩn") -> in | C54: - Lãi cho vay | D54: 21985790421 | E54: 5850775662 | F54: 581355055 | G54: 543848277 | H54: 4162970663 | I54: 562601667 | J54: 581355055 | K54: 4144217275 | L54: 581355055 | M54: 581355055 | N54: 4183575688 | O54: 581355055 | P54: 562601667 | Q54: 4919199909 | R54: 5288173995 | S54: 5288173997 | T54: 5346285798 | U54: 6063156631 | V54: 2.4822262e+10 | W54: 2.4822262e+10 | X54: 5.8135506e+08 | Y54: 5.2509489e+08 | Z54: 4.9669872e+09 | AA54: 5.6260167e+08 | AB54: 5.8135506e+08 | AC54: 5.0592631e+09 | AD54: 5.8135506e+08 | AE54: 5.8135506e+08 | AF54: 5.1100924e+09 | AG54: 5.8135506e+08 | AH54: 5.6260167e+08 | AI54: 5.1288457e+09 | AK54: 6.0734372e+09 | AL54: 6.2032198e+09 | AM54: 6.2728025e+09 | AN54: 6.2728025e+09 | AO54: 1.1290139 | AP54: 25675707232 | AQ54: 581355055 | AR54: 525094889 | AS54: 4966987250 | AT54: 562601667 | AU54: 581355055 | AV54: 5225552276 | AW54: 581355055 | AX54: 581355055 | AY54: 5538016243 | AZ54: 581355055 | BA54: 562601667 | BB54: 5388077965 | BC54: 6073437194 | BD54: 6369508998 | BE54: 6700726353 | BF54: 6532034687 | BG54: 31629666894 | BH54: 581355055 | BI54: 525094889 | BJ54: 7349762250 | BK54: 562601666 | BL54: 581355055 | BM54: 6877993107 | BN54: 581355055 | BO54: 562601666 | BP54: 6433052354 | BQ54: 581355055 | BR54: 562601666 | BS54: 6430539076 | BT54: 8456212194 | BU54: 8021949828 | BV54: 7577009075 | BW54: 7574495797 | BX54: 581355055 | BY54: 581355055 | CK54: 581355055 | CO54: =BG54-AP54 -> 5953959662 | CP54: =IF(AP54<>0,CO54/AP54,"") -> 0.23189078
A55: =IF((E55+V55)<>0, "in", "ẩn") -> in | C55: + Lãi cho SHNT vay | D55: 6863740331 | E55: 2269160054 | F55: 581355055 | G55: 543848277 | H55: 581355055 | I55: 562601667 | J55: 581355055 | K55: 562601667 | L55: 581355055 | M55: 581355056 | N55: 562601667 | O55: 581355055 | P55: 562601667 | Q55: 581355055 | R55: 1706558387 | S55: 1706558389 | T55: 1725311778 | U55: 1725311777 | V55: 6.8449869e+09 | W55: 6.8449869e+09 | X55: 5.8135506e+08 | Y55: 5.2509489e+08 | Z55: 5.8135506e+08 | AA55: 5.6260167e+08 | AB55: 5.8135506e+08 | AC55: 5.6260167e+08 | AD55: 5.8135506e+08 | AE55: 5.8135506e+08 | AF55: 5.6260167e+08 | AG55: 5.8135506e+08 | AH55: 5.6260167e+08 | AI55: 5.8135506e+08 | AK55: 1.687805e+09 | AL55: 1.7065584e+09 | AM55: 1.7253118e+09 | AN55: 1.7253118e+09 | AO55: 0.99726776 | AP55: 6844986942 | AQ55: 581355055 | AR55: 525094889 | AS55: 581355055 | AT55: 562601667 | AU55: 581355055 | AV55: 562601667 | AW55: 581355055 | AX55: 581355055 | AY55: 562601667 | AZ55: 581355055 | BA55: 562601667 | BB55: 581355055 | BC55: 1687804999 | BD55: 1706558389 | BE55: 1725311777 | BF55: 1725311777 | BG55: 6826233549 | BH55: 581355055 | BI55: 525094889 | BJ55: 581355055 | BK55: 562601666 | BL55: 581355055 | BM55: 562601666 | BN55: 581355055 | BO55: 562601666 | BP55: 562601666 | BQ55: 581355055 | BR55: 562601666 | BS55: 581355055 | BT55: 1687804999 | BU55: 1706558387 | BV55: 1706558387 | BW55: 1725311776 | BX55: 581355055 | BY55: 581355055 | CK55: 581355055 | CO55: =BG55-AP55 -> -18753393 | CP55: =IF(AP55<>0,CO55/AP55,"") -> -0.0027397266
A56: =IF((E56+V56)<>0, "in", "ẩn") -> in | C56: + Lãi cho KTT vay | D56: 717083333 | E56: 0 | Q56: 717083333 | R56: 0 | S56: 0 | T56: 0 | U56: 717083333 | V56: 3.4979167e+09 | W56: 3.4979167e+09 | Z56: 862500000 | AC56: 8.7208333e+08 | AF56: 8.8166667e+08 | AI56: 8.8166667e+08 | AK56: 862500000 | AL56: 8.7208333e+08 | AM56: 8.8166667e+08 | AN56: 8.8166667e+08 | AO56: 4.8779779 | AP56: 2620667500 | AS56: 862500000 | AV56: 787380834 | AY56: 640532222 | BB56: 330254444 | BC56: 862500000 | BD56: 787380834 | BE56: 640532222 | BF56: 330254444 | BG56: 1310248610 | BH56: 0 | BI56: 0 | BJ56: 323075000 | BK56: 0 | BL56: 0 | BM56: 326664722 | BN56: 0 | BO56: 0 | BP56: 330254444 | BQ56: 0 | BR56: 0 | BS56: 330254444 | BT56: 323075000 | BU56: 326664722 | BV56: 330254444 | BW56: 330254444 | BX56: 0 | CO56: =BG56-AP56 -> -1310418890 | CP56: =IF(AP56<>0,CO56/AP56,"") -> -0.50003249
A57: =IF((E57+V57)<>0, "in", "ẩn") -> in | C57: + Lãi cho Givral vay | D57: 13521666666 | E57: 3361944444 | H57: 3361944444 | K57: 3361944444 | N57: 3398888889 | Q57: 3398888889 | R57: 3361944444 | S57: 3361944444 | T57: 3398888889 | U57: 3398888889 | V57: 1.3675822e+10 | W57: 1.3675822e+10 | Z57: 3325000000 | AC57: 3.4242444e+09 | AF57: 3.4632889e+09 | AI57: 3.4632889e+09 | AK57: 3325000000 | AL57: 3.4242444e+09 | AM57: 3.4632889e+09 | AN57: 3.4632889e+09 | AO57: 1.0114006 | AP57: 15209197222 | AS57: 3325000000 | AV57: 3668513889 | AY57: 4105694444 | BB57: 4109988889 | BC57: 3325000000 | BD57: 3668513889 | BE57: 4105694444 | BF57: 4109988889 | BG57: 15256330555 | BH57: 0 | BI57: 0 | BJ57: 4189750000 | BK57: 0 | BL57: 0 | BM57: 4009469444 | BN57: 0 | BO57: 0 | BP57: 3539188889 | BQ57: 0 | BR57: 0 | BS57: 3517922222 | BT57: 4189750000 | BU57: 4009469444 | BV57: 3539188889 | BW57: 3517922222 | BX57: 0 | CO57: =BG57-AP57 -> 47133333 | CP57: =IF(AP57<>0,CO57/AP57,"") -> 0.003099002
A58: =IF((E58+V58)<>0, "in", "ẩn") -> in | C58: + Lãi cho Kem Tín phát vay | D58: 883300092 | E58: 219671164 | H58: 219671164 | K58: 219671164 | N58: 222085132 | Q58: 221872632 | R58: 219671164 | S58: 219671164 | T58: 222085132 | U58: 221872632 | V58: 8.0353612e+08 | W58: 8.0353612e+08 | Z58: 1.9813219e+08 | AC58: 2.0033366e+08 | AF58: 2.0253513e+08 | AI58: 2.0253513e+08 | AK58: 1.9813219e+08 | AL58: 2.0033366e+08 | AM58: 2.0253513e+08 | AN58: 2.0253513e+08 | AO58: 0.90969777 | AP58: 736661124 | AS58: 198132195 | AV58: 200333664 | AY58: 201076799 | BB58: 137118466 | BC58: 198132195 | BD58: 200333664 | BE58: 201076799 | BF58: 137118466 | BG58: 385306957 | BH58: 0 | BI58: 0 | BJ58: 95007195 | BK58: 0 | BL58: 0 | BM58: 96062830 | BN58: 0 | BO58: 0 | BP58: 97118466 | BQ58: 0 | BR58: 0 | BS58: 97118466 | BT58: 95007195 | BU58: 96062830 | BV58: 97118466 | BW58: 97118466 | BX58: 0 | CO58: =BG58-AP58 -> -351354167 | CP58: =IF(AP58<>0,CO58/AP58,"") -> -0.47695495
C59: + Lãi cho vay Viptour | AP59: 62944444 | AV59: 6722222 | AY59: 28111111 | BB59: 28111111 | BC59: 0 | BD59: 6722222 | BE59: 28111111 | BF59: 28111111 | BG59: 399463890 | BH59: 0 | BI59: 0 | BJ59: 323075000 | BK59: 0 | BL59: 0 | BM59: 25277778 | BN59: 0 | BO59: 0 | BP59: 25555556 | BQ59: 0 | BR59: 0 | BS59: 25555556 | BT59: 323075000 | BU59: 25277778 | BV59: 25555556 | BW59: 25555556 | BX59: 0 | CO59: =BG59-AP59 -> 336519446 | CP59: =IF(AP59<>0,CO59/AP59,"") -> 5.3462931
C60: + Lãi cho vay OCC | AP60: 201250000 | BB60: 201250000 | BC60: 0 | BD60: 0 | BE60: 0 | BF60: 201250000 | BG60: 7452083333 | BH60: 0 | BI60: 0 | BJ60: 1837500000 | BK60: 0 | BL60: 0 | BM60: 1857916667 | BN60: 0 | BO60: 0 | BP60: 1878333333 | BQ60: 0 | BR60: 0 | BS60: 1878333333 | BT60: 1837500000 | BU60: 1857916667 | BV60: 1878333333 | BW60: 1878333333 | BX60: 0 | CO60: =BG60-AP60 -> 7250833333 | CP60: =IF(AP60<>0,CO60/AP60,"") -> 36.028986
A61: =IF((E61+V61)<>0, "in", "ẩn") -> in | C61: - Cổ tức | D61: 9298535400 | E61: 0 | F61: 0 | G61: 0 | H61: 0 | I61: 0 | J61: 9298535400 | K61: 0 | L61: 0 | M61: 0 | N61: 0 | O61: 0 | P61: 0 | Q61: 0 | R61: 0 | S61: 9298535400 | T61: 0 | U61: 0 | V61: 8721900000 | W61: 8721900000 | X61: 0 | Y61: 0 | Z61: 0 | AA61: 0 | AB61: 0 | AC61: 0 | AD61: 0 | AE61: 0 | AF61: 0 | AG61: 0 | AH61: 0 | AI61: 8721900000 | AK61: 0 | AL61: 0 | AM61: 0 | AN61: 8721900000 | AO61: 0.93798643 | AP61: 0 | AQ61: 0 | AR61: 0 | AS61: 0 | AT61: 0 | AU61: 0 | AV61: 0 | AW61: 0 | AX61: 0 | AY61: 0 | AZ61: 0 | BA61: 0 | BB61: 0 | BC61: 0 | BD61: 0 | BE61: 0 | BF61: 0 | BG61: 0 | BH61: 0 | BI61: 0 | BJ61: 0 | BK61: 0 | BL61: 0 | BM61: 0 | BN61: 0 | BO61: 0 | BP61: 0 | BQ61: 0 | BR61: 0 | BS61: 0 | BT61: 0 | BU61: 0 | BV61: 0 | BW61: 0 | BX61: 0 | BY61: 0 | CK61: 0 | CO61: =BG61-AP61 -> 0 | CP61: =IF(AP61<>0,CO61/AP61,"")
A62: =IF((E62+V62)<>0, "in", "ẩn") -> ẩn | C62: + Cổ tức Givral | D62: 0 | E62: 0 | R62: 0 | S62: 0 | T62: 0 | U62: 0 | V62: 0 | W62: 0 | AK62: 0 | AL62: 0 | AM62: 0 | AN62: 0 | AP62: 0 | BC62: 0 | BD62: 0 | BE62: 0 | BF62: 0 | BG62: 0 | BT62: 0 | BU62: 0 | BV62: 0 | BW62: 0 | BX62: 0 | CO62: =BG62-AP62 -> 0 | CP62: =IF(AP62<>0,CO62/AP62,"")
A63: =IF((E63+V63)<>0, "in", "ẩn") -> ẩn | C63: + Cổ tức KTT | D63: 0 | E63: 0 | R63: 0 | S63: 0 | T63: 0 | U63: 0 | V63: 0 | W63: 0 | AK63: 0 | AL63: 0 | AM63: 0 | AN63: 0 | AP63: 0 | BC63: 0 | BD63: 0 | BE63: 0 | BF63: 0 | BG63: 0 | BT63: 0 | BU63: 0 | BV63: 0 | BW63: 0 | BX63: 0 | CO63: =BG63-AP63 -> 0 | CP63: =IF(AP63<>0,CO63/AP63,"")
A64: =IF((E64+V64)<>0, "in", "ẩn") -> in | C64: + Cổ tức LSO | D64: 9298535400 | E64: 0 | J64: 9298535400 | R64: 0 | S64: 9298535400 | T64: 0 | U64: 0 | V64: 8721900000 | W64: 8721900000 | AI64: 8721900000 | AK64: 0 | AL64: 0 | AM64: 0 | AN64: 8721900000 | AO64: 0.93798643 | AP64: 0 | BC64: 0 | BD64: 0 | BE64: 0 | BF64: 0 | BG64: 0 | BT64: 0 | BU64: 0 | BV64: 0 | BW64: 0 | BX64: 0 | CO64: =BG64-AP64 -> 0 | CP64: =IF(AP64<>0,CO64/AP64,"")
A65: =IF((E65+V65)<>0, "in", "ẩn") -> ẩn | C65: - Lãi HĐ khác (Thu nhập về hoạt động góp vốn liên doanh, đầu tư mua bán c.khoán | D65: 231869 | E65: 0 | F65: 0 | G65: 0 | H65: 0 | I65: 0 | J65: 0 | K65: 0 | L65: 0 | M65: 0 | N65: 0 | O65: 0 | P65: 0 | Q65: 231869 | R65: 0 | S65: 0 | T65: 0 | U65: 231869 | V65: 0 | W65: 0 | X65: 0 | Y65: 0 | Z65: 0 | AA65: 0 | AB65: 0 | AC65: 0 | AD65: 0 | AE65: 0 | AF65: 0 | AG65: 0 | AH65: 0 | AI65: 0 | AK65: 0 | AL65: 0 | AM65: 0 | AN65: 0 | AO65: 0 | AP65: 4887017425 | AQ65: 0 | AR65: 0 | AS65: 0 | AT65: 4886851430 | AU65: 0 | AV65: 0 | AW65: 0 | AX65: 0 | AY65: 0 | AZ65: 0 | BA65: 0 | BB65: 165995 | BC65: 0 | BD65: 4886851430 | BE65: 0 | BF65: 165995 | BG65: 340000000000 | BH65: 0 | BI65: 0 | BJ65: 0 | BK65: 0 | BL65: 0 | BM65: 0 | BN65: 0 | BO65: 0 | BP65: 0 | BQ65: 340000000000 | BR65: 0 | BS65: 0 | BT65: 0 | BU65: 0 | BV65: 0 | BW65: 340000000000 | BX65: 0 | BY65: 0 | CK65: 0 | CO65: =BG65-AP65 -> 335112982575 | CP65: =IF(AP65<>0,CO65/AP65,"") -> 68.572087
A66: =IF((E66+V66)<>0, "in", "ẩn") -> in | C66: 7. Chi phí tài chính | D66: -6419042979 | E66: 21479475899 | F66: 0 | G66: 0 | H66: 21479475899 | I66: 0 | J66: -149800000 | K66: 29978881946 | L66: 0 | M66: 0 | N66: -77686854144 | O66: 77289654 | P66: 1533785147 | Q66: 18348178519 | R66: 21479475899 | S66: 29829081946 | T66: -77686854144 | U66: 19959253320 | V66: 34210321738 | W66: 34210321738 | X66: 0 | Y66: 0 | Z66: 19419876781 | AA66: 0 | AB66: 0 | AC66: 31403833694 | AD66: 0 | AE66: 0 | AF66: -27619694166 | AG66: 0 | AH66: 0 | AI66: 11006305429 | AK66: 19419876781 | AL66: 31403833694 | AM66: -27619694166 | AN66: 11006305429 | AO66: -5.329505 | AP66: 12625236551 | AQ66: 0 | AR66: 0 | AS66: 18566685331 | AT66: 0 | AU66: 0 | AV66: 4544357873 | AW66: 0 | AX66: 0 | AY66: -852558849 | AZ66: 0 | BA66: 0 | BB66: -9633247804 | BC66: 18566685331 | BD66: 4544357873 | BE66: -852558849 | BF66: -9633247804 | BG66: 15858874923 | BH66: 0 | BI66: 0 | BJ66: 6231560689 | BK66: 0 | BL66: 0 | BM66: 4191772984 | BN66: 0 | BO66: 0 | BP66: 359338153 | BQ66: 0 | BR66: 0 | BS66: 5076203097 | BT66: 6231560689 | BU66: 4191772984 | BV66: 359338153 | BW66: 5076203097 | BX66: 0 | BY66: 0 | CK66: 0 | CO66: =BG66-AP66 -> 3233638372 | CP66: =IF(AP66<>0,CO66/AP66,"") -> 0.25612497
A67: =IF((E67+V67)<>0, "in", "ẩn") -> in | C67: - Trong đó: Chi phí lãi vay | D67: 2444061132 | E67: 403750000 | F67: 0 | G67: 0 | H67: 403750000 | I67: 0 | J67: 0 | K67: 117958333 | L67: 0 | M67: 0 | N67: 0 | O67: 83333333 | P67: 1533785147 | Q67: 305234319 | R67: 403750000 | S67: 117958333 | T67: 0 | U67: 1922352799 | V67: 0 | W67: 0 | X67: 0 | Y67: 0 | Z67: 0 | AA67: 0 | AB67: 0 | AC67: 0 | AD67: 0 | AE67: 0 | AF67: 0 | AG67: 0 | AH67: 0 | AI67: 0 | AK67: 0 | AL67: 0 | AM67: 0 | AN67: 0 | AO67: 0 | AP67: 0 | AQ67: 0 | AR67: 0 | AS67: 0 | AT67: 0 | AU67: 0 | AV67: 0 | AW67: 0 | AX67: 0 | AY67: 0 | AZ67: 0 | BA67: 0 | BB67: 0 | BC67: 0 | BD67: 0 | BE67: 0 | BF67: 0 | BG67: 0 | BH67: 0 | BI67: 0 | BJ67: 0 | BK67: 0 | BL67: 0 | BM67: 0 | BN67: 0 | BO67: 0 | BP67: 0 | BQ67: 0 | BR67: 0 | BS67: 0 | BT67: 0 | BU67: 0 | BV67: 0 | BW67: 0 | BX67: 0 | BY67: 0 | CK67: 0 | CO67: =BG67-AP67 -> 0 | CP67: =IF(AP67<>0,CO67/AP67,"")
A68: =IF((E68+V68)<>0, "in", "ẩn") -> in | C68: + Lãi vay GV | D68: 521708333 | E68: 403750000 | F68: 0 | G68: 0 | H68: 403750000 | I68: 0 | J68: 0 | K68: 117958333 | L68: 0 | M68: 0 | N68: 0 | O68: 0 | P68: 0 | Q68: 0 | R68: 403750000 | S68: 117958333 | T68: 0 | U68: 0 | V68: 0 | W68: 0 | AK68: 0 | AL68: 0 | AM68: 0 | AN68: 0 | AO68: 0 | AP68: 0 | BC68: 0 | BD68: 0 | BE68: 0 | BF68: 0 | BG68: 0 | BT68: 0 | BU68: 0 | BV68: 0 | BW68: 0 | BX68: 0 | CO68: =BG68-AP68 -> 0 | CP68: =IF(AP68<>0,CO68/AP68,"")
A69: =IF((E69+V69)<>0, "in", "ẩn") -> ẩn | C69: + Lãi vay KTT | D69: 83333333 | E69: 0 | O69: 83333333 | R69: 0 | S69: 0 | T69: 0 | U69: 83333333 | V69: 0 | W69: 0 | AK69: 0 | AL69: 0 | AM69: 0 | AN69: 0 | AO69: 0 | AP69: 0 | BC69: 0 | BD69: 0 | BE69: 0 | BF69: 0 | BG69: 0 | BT69: 0 | BU69: 0 | BV69: 0 | BW69: 0 | BX69: 0 | CO69: =BG69-AP69 -> 0 | CP69: =IF(AP69<>0,CO69/AP69,"")
A70: =IF((E70+V70)<>0, "in", "ẩn") -> ẩn | C70: + Lãi vay NH | D70: 0 | E70: 0 | F70: 0 | G70: 0 | H70: 0 | I70: 0 | J70: 0 | K70: 0 | L70: 0 | M70: 0 | N70: 0 | O70: 0 | P70: 0 | Q70: 0 | R70: 0 | S70: 0 | T70: 0 | U70: 0 | V70: 0 | W70: 0 | AK70: 0 | AL70: 0 | AM70: 0 | AN70: 0 | AP70: 0 | BC70: 0 | BD70: 0 | BE70: 0 | BF70: 0 | BG70: 0 | BT70: 0 | BU70: 0 | BV70: 0 | BW70: 0 | BX70: 0 | CO70: =BG70-AP70 -> 0 | CP70: =IF(AP70<>0,CO70/AP70,"")
A71: =IF((E71+V71)<>0, "in", "ẩn") -> ẩn | C71: + Lãi vay cá nhân | D71: 1839019466 | E71: 0 | P71: 1533785147 | Q71: 305234319 | R71: 0 | S71: 0 | T71: 0 | U71: 1839019466 | V71: 0 | W71: 0 | AK71: 0 | AL71: 0 | AM71: 0 | AN71: 0 | AO71: 0 | AP71: 0 | BC71: 0 | BD71: 0 | BE71: 0 | BF71: 0 | BG71: 0 | BT71: 0 | BU71: 0 | BV71: 0 | BW71: 0 | BX71: 0 | CO71: =BG71-AP71 -> 0 | CP71: =IF(AP71<>0,CO71/AP71,"")
A72: =IF((E72+V72)<>0, "in", "ẩn") -> in | C72: - Chi phí dự phòng đầu tư | D72: -82199104111 | E72: 21075725899 | F72: 0 | G72: 0 | H72: 21075725899 | I72: 0 | J72: -149800000 | K72: 29860923613 | L72: 0 | M72: 0 | N72: -77686854144 | O72: -73342043679 | P72: 0 | Q72: 18042944200 | R72: 21075725899 | S72: 29711123613 | T72: -77686854144 | U72: -55299099479 | V72: 34210321738 | W72: 34210321738 | X72: 0 | Y72: 0 | Z72: 19419876781 | AA72: 0 | AB72: 0 | AC72: 31403833694 | AD72: 0 | AE72: 0 | AF72: -27619694166 | AG72: 0 | AH72: 0 | AI72: 11006305429 | AK72: 19419876781 | AL72: 31403833694 | AM72: -27619694166 | AN72: 11006305429 | AO72: -0.4161885 | AP72: 12625236551 | AQ72: 0 | AR72: 0 | AS72: 18566685331 | AT72: 0 | AU72: 0 | AV72: 4544357873 | AW72: 0 | AX72: 0 | AY72: -852558849 | AZ72: 0 | BA72: 0 | BB72: -9633247804 | BC72: 18566685331 | BD72: 4544357873 | BE72: -852558849 | BF72: -9633247804 | BG72: 15858874923 | BI72: 0 | BJ72: 6231560689 | BK72: 0 | BL72: 0 | BM72: 4191772984 | BN72: 0 | BO72: 0 | BP72: 359338153 | BQ72: 0 | BR72: 0 | BS72: 5076203097 | BT72: 6231560689 | BU72: 4191772984 | BV72: 359338153 | BW72: 5076203097 | BX72: 0 | BY72: 0 | CK72: 0 | CO72: =BG72-AP72 -> 3233638372 | CP72: =IF(AP72<>0,CO72/AP72,"") -> 0.25612497
A73: =IF((E73+V73)<>0, "in", "ẩn") -> in | C73: + Dự phòng SHNT | D73: -29165693924 | E73: 6168793054 | H73: 6168793054 | K73: 3647559235 | N73: -52998238668 | Q73: 14016192455 | R73: 6168793054 | S73: 3647559235 | T73: -52998238668 | U73: 14016192455 | V73: 23882255868 | W73: 23882255868 | Z73: 5500075785 | AC73: 7135937347 | AF73: 4678419299 | AI73: 6567823437 | AK73: 5500075785 | AL73: 7135937347 | AM73: 4678419299 | AN73: 6567823437 | AO73: -0.81884751 | AP73: -428029615 | AS73: 4508439372 | AV73: 4757409600 | AY73: -201252194 | BB73: -9492626393 | BC73: 4508439372 | BD73: 4757409600 | BE73: -201252194 | BF73: -9492626393 | BG73: 10477782631 | BJ73: 4052324117 | BM73: 2395537542 | BP73: 234033318 | BS73: 3795887654 | BT73: 4052324117 | BU73: 2395537542 | BV73: 234033318 | BW73: 3795887654 | BX73: 0 | CO73: =BG73-AP73 -> 10905812246 | CP73: =IF(AP73<>0,CO73/AP73,"") -> -25.479107
A74: =IF((E74+V74)<>0, "in", "ẩn") -> in | C74: + Dự phòng Tân Việt | D74: 2151606907 | E74: 83080308 | H74: 83080308 | K74: 746062941 | N74: -229572197 | Q74: 1552035855 | R74: 83080308 | S74: 746062941 | T74: -229572197 | U74: 1552035855 | V74: 2894923926 | W74: 2894923926 | Z74: 30981225 | AC74: 834050538 | AF74: -555939709 | AI74: 2585831872 | AK74: 30981225 | AL74: 834050538 | AM74: -555939709 | AN74: 2585831872 | AO74: 1.3454706 | AP74: -6783748152 | AS74: -211858220 | AV74: -2179777353 | AY74: -2412226658 | BB74: -1957462209 | BC74: -211858220 | BD74: -2179777353 | BE74: -2412226658 | BF74: -1979885921 | BG74: -1184555372 | BJ74: 1713196 | BM74: -471434852 | BP74: -1510116361 | BS74: 795282645 | BT74: 1713196 | BU74: -471434852 | BV74: -1510116361 | BW74: 795282645 | BX74: 0 | CO74: =BG74-AP74 -> 5599192780 | CP74: =IF(AP74<>0,CO74/AP74,"") -> -0.82538335
A75: =IF((E75+V75)<>0, "in", "ẩn") -> in | C75: + Dự phòng Viptour- togi | D75: 8.0427846e+09 | E75: 1845419239 | H75: 1845419239 | K75: 1874674376 | N75: 1847975139 | Q75: 2.4747159e+09 | R75: 1845419239 | S75: 1874674376 | T75: 1847975139 | U75: 2.4747159e+09 | V75: 7433141944 | W75: 7433141944 | Z75: 1816834680 | AC75: 1876554612 | AF75: 1887102532 | AI75: 1852650120 | AK75: 1816834680 | AL75: 1876554612 | AM75: 1887102532 | AN75: 1852650120 | AO75: 0.92420005 | AP75: 7862581876 | AS75: 2318095449 | AV75: 1966725626 | AY75: 1760920003 | BB75: 1816840798 | BC75: 2318095449 | BD75: 1966725626 | BE75: 1760920003 | BF75: 1816840798 | BG75: 6565647664 | BJ75: 2177523376 | BM75: 2267670294 | BP75: 1635421196 | BS75: 485032798 | BT75: 2177523376 | BU75: 2267670294 | BV75: 1635421196 | BW75: 485032798 | BX75: 0 | CO75: =BG75-AP75 -> -1296934212 | CP75: =IF(AP75<>0,CO75/AP75,"") -> -0.16495017
A76: =IF((E76+V76)<>0, "in", "ẩn") -> in | C76: + Dự phòng OTL | D76: -63273961362 | E76: -2712916 | H76: -2712916 | K76: -2602003 | N76: 10073397236 | O76: -73342043679 | Q76: 0 | R76: -2712916 | S76: -2602003 | T76: 10073397236 | U76: -73342043679 | V76: 0 | W76: 0 | AK76: 0 | AL76: 0 | AM76: 0 | AN76: 0 | AO76: 0 | AP76: 0 | BC76: 0 | BD76: 0 | BE76: 0 | BF76: 0 | BG76: 0 | BT76: 0 | BU76: 0 | BV76: 0 | BW76: 0 | BX76: 0 | CO76: =BG76-AP76 -> 0 | CP76: =IF(AP76<>0,CO76/AP76,"")
A77: =IF((E77+V77)<>0, "in", "ẩn") -> ẩn | C77: + Dự phòng Tín phát | D77: -149800000 | E77: 0 | H77: 0 | J77: -149800000 | Q77: 0 | R77: 0 | S77: -149800000 | T77: 0 | U77: 0 | V77: 0 | W77: 0 | AK77: 0 | AL77: 0 | AM77: 0 | AN77: 0 | AO77: 0 | AP77: 0 | BC77: 0 | BD77: 0 | BE77: 0 | BF77: 0 | BG77: 0 | BT77: 0 | BU77: 0 | BV77: 0 | BW77: 0 | BX77: 0 | CO77: =BG77-AP77 -> 0 | CP77: =IF(AP77<>0,CO77/AP77,"")
A78: =IF((E78+V78)<>0, "in", "ẩn") -> in | C78: + Dự phòng JP | D78: 195959624 | E78: 75757555 | H78: 75757555 | K78: 120202069 | Q78: 0 | R78: 75757555 | S78: 120202069 | T78: 0 | U78: 0 | V78: 0 | W78: 0 | AK78: 0 | AL78: 0 | AM78: 0 | AN78: 0 | AO78: 0 | AP78: 0 | BC78: 0 | BD78: 0 | BE78: 0 | BF78: 0 | BG78: 0 | BT78: 0 | BU78: 0 | BV78: 0 | BW78: 0 | BX78: 0 | CO78: =BG78-AP78 -> 0 | CP78: =IF(AP78<>0,CO78/AP78,"")
A79: =IF((E79+V79)<>0, "in", "ẩn") -> in | C79: + Dự phòng Givral | D79: 0 | E79: 12905388659 | H79: 12905388659 | K79: 23475026995 | N79: -36380415654 | Q79: 0 | R79: 12905388659 | S79: 23475026995 | T79: -36380415654 | U79: 0 | V79: 0 | W79: 0 | Z79: 12071985091 | AC79: 21557291197 | AF79: -33629276288 | AI79: 0 | AK79: 12071985091 | AL79: 21557291197 | AM79: -33629276288 | AN79: 0 | AP79: 11952008730 | AS79: 11952008730 | BC79: 11952008730 | BD79: 0 | BE79: 0 | BF79: 0 | BG79: 0 | BT79: 0 | BU79: 0 | BV79: 0 | BW79: 0 | BX79: 0 | CO79: =BG79-AP79 -> -11952008730 | CP79: =IF(AP79<>0,CO79/AP79,"") -> -1
A80: =IF((E80+V80)<>0, "in", "ẩn") -> ẩn | C80: + Kỹ thuật và VLXD | D80: 0 | E80: 0 | Q80: 0 | R80: 0 | S80: 0 | T80: 0 | U80: 0 | V80: 0 | W80: 0 | AK80: 0 | AL80: 0 | AM80: 0 | AN80: 0 | AP80: 0 | BC80: 0 | BD80: 0 | BE80: 0 | BF80: 0 | BG80: 0 | BT80: 0 | BU80: 0 | BV80: 0 | BW80: 0 | BX80: 0 | CO80: =BG80-AP80 -> 0 | CP80: =IF(AP80<>0,CO80/AP80,"")
A81: =IF((E81+V81)<>0, "in", "ẩn") -> ẩn | C81: + Dự phòng cty khác | R81: 0 | S81: 0 | T81: 0 | U81: 0 | V81: 0 | W81: 0 | AK81: 0 | AL81: 0 | AM81: 0 | AN81: 0 | AP81: 0 | BC81: 0 | BD81: 0 | BE81: 0 | BF81: 0 | BG81: 0 | BT81: 0 | BU81: 0 | BV81: 0 | BW81: 0 | BX81: 0 | CO81: =BG81-AP81 -> 0 | CP81: =IF(AP81<>0,CO81/AP81,"")
A82: =IF((E82+V82)<>0, "in", "ẩn") -> ẩn | C82: - Chi phí khác (giá vốn khoản đầu tư thoái vốn...) | D82: 73336000000 | E82: 0 | F82: 0 | G82: 0 | H82: 0 | I82: 0 | J82: 0 | K82: 0 | L82: 0 | M82: 0 | N82: 0 | O82: 73336000000 | P82: 0 | Q82: 0 | R82: 0 | S82: 0 | T82: 0 | U82: 73336000000 | V82: 0 | W82: 0 | X82: 0 | Y82: 0 | Z82: 0 | AA82: 0 | AB82: 0 | AC82: 0 | AD82: 0 | AE82: 0 | AF82: 0 | AG82: 0 | AH82: 0 | AI82: 0 | AK82: 0 | AL82: 0 | AM82: 0 | AN82: 0 | AO82: 0 | AP82: 0 | AQ82: 0 | AR82: 0 | AS82: 0 | AU82: 0 | AV82: 0 | AW82: 0 | AX82: 0 | AY82: 0 | AZ82: 0 | BA82: 0 | BB82: 0 | BC82: 0 | BD82: 0 | BE82: 0 | BF82: 0 | BG82: 0 | BH82: 0 | BI82: 0 | BJ82: 0 | BK82: 0 | BL82: 0 | BM82: 0 | BN82: 0 | BO82: 0 | BP82: 0 | BQ82: 0 | BR82: 0 | BS82: 0 | BT82: 0 | BU82: 0 | BV82: 0 | BW82: 0 | BX82: 0 | BY82: 0 | CK82: 0 | CO82: =BG82-AP82 -> 0 | CP82: =IF(AP82<>0,CO82/AP82,"")
A83: =IF((E83+V83)<>0, "in", "ẩn") -> in | C83: 8. Chi phí bán hàng | D83: 0 | E83: 0 | R83: 0 | S83: 0 | T83: 0 | U83: 0 | V83: 211204937 | W83: 211204937 | X83: 11204937 | Y83: 0 | Z83: 0 | AA83: 0 | AB83: 0 | AC83: 200000000 | AD83: 0 | AE83: 0 | AF83: 0 | AG83: 0 | AH83: 0 | AI83: 0 | AK83: 11204937 | AL83: 200000000 | AM83: 0 | AN83: 0 | AP83: 31206604 | AQ83: 10101669 | AR83: 856602 | AS83: 2248333 | AT83: 0 | AU83: 6000000 | AV83: 0 | AW83: 12000000 | AX83: 0 | AY83: 0 | AZ83: 0 | BA83: 0 | BB83: 0 | BC83: 13206604 | BD83: 6000000 | BE83: 12000000 | BF83: 0 | BG83: 0 | BH83: 0 | BI83: 0 | BJ83: 0 | BK83: 0 | BL83: 0 | BM83: 0 | BN83: 0 | BO83: 0 | BP83: 0 | BQ83: 0 | BR83: 0 | BS83: 0 | BT83: 0 | BU83: 0 | BV83: 0 | BW83: 0 | BX83: 0 | BY83: 0 | CK83: 0 | CO83: =BG83-AP83 -> -31206604 | CP83: =IF(AP83<>0,CO83/AP83,"") -> -1
A84: =IF((E84+V84)<>0, "in", "ẩn") -> in | C84: 9. Chi phí quản lý doanh nghiệp | D84: 27478898468 | E84: 8575258834 | F84: 2178141707 | G84: 2077787709 | H84: 2344941717 | I84: 1974387701 | J84: 2023326994 | K84: 2494250298 | L84: 2064843899 | M84: 2058769462 | N84: 1855334066 | O84: 1388669391 | P84: 4355412022 | Q84: 2663033502 | R84: 6600871133 | S84: 6491964993 | T84: 5978947427 | U84: 8407114915 | V84: 2.0191939e+10 | W84: 2.0191939e+10 | X84: 1.4870743e+09 | Y84: 1.4936272e+09 | Z84: 1.7748514e+09 | AA84: 1.4741734e+09 | AB84: 1.5264682e+09 | AC84: 2.3086992e+09 | AD84: 1.3414477e+09 | AE84: 1.3112221e+09 | AF84: 1.8656646e+09 | AG84: 1.4216221e+09 | AH84: 1.4318813e+09 | AI84: 2.7552077e+09 | AK84: 4.7555529e+09 | AL84: 5.3093408e+09 | AM84: 4.5183344e+09 | AN84: 5.6087111e+09 | AO84: 0.73481618 | AP84: 20658558961 | AQ84: 1423642801 | AR84: 1255579031 | AS84: 1612748999 | AT84: 1331348023 | AU84: 1195149402 | AV84: 1845284034 | AW84: 1211812013 | AX84: 1213785902 | AY84: 1587165510 | AZ84: 1532311532 | BA84: 4471780377 | BB84: 1977951337 | BC84: 4291970831 | BD84: 4371781459 | BE84: 4012763425 | BF84: 7982043246 | BG84: 23775488383 | BH84: 1309763830 | BI84: 1432189163 | BJ84: 1604975277 | BK84: 1429038467 | BL84: 2073491748 | BM84: 2973625065 | BN84: 1581382139 | BO84: 1347582139 | BP84: 1627122139 | BQ84: 1462165472 | BR84: 4434880472 | BS84: 2499272472 | BT84: 4346928270 | BU84: 6476155280 | BV84: 4556086417 | BW84: 8396318416 | BX84: 1264192229 | BY84: 1264192229 | CK84: 1264192229 | CO84: =BG84-AP84 -> 3116929422 | CP84: =IF(AP84<>0,CO84/AP84,"") -> 0.15087836
A85: =IF((E85+V85)<>0, "in", "ẩn") -> in | C85: Lương và phúc lơi | D85: 10666551154 | E85: 3625128026 | F85: 911788650 | G85: 958704861 | H85: 950802765 | I85: 803831750 | J85: 765258550 | K85: 808083850 | L85: 789059150 | M85: 815536750 | N85: 771099628 | O85: 893400204 | P85: 781678946 | Q85: 1417306050 | R85: 2821296276 | S85: 2377174150 | T85: 2375695528 | U85: 3092385200 | V85: 10175992092 | W85: 10175992092 | X85: 783233742 | Y85: 695470600 | Z85: 740477600 | AA85: 842194350 | AB85: 804468350 | AC85: 1063168350 | AD85: 729620350 | AE85: 725320350 | AF85: 798720350 | AG85: 744220350 | AH85: 727320350 | AI85: 1521777350 | AK85: 2219181942 | AL85: 2709831050 | AM85: 2253661050 | AN85: 2993318050 | AO85: 0.95400959 | AP85: 8912691648 | AQ85: 794942292 | AR85: 703470600 | AS85: 731395053 | AT85: 747176000 | AU85: 702180250 | AV85: 647241600 | AW85: 635611200 | AX85: 673241600 | AY85: 787223650 | AZ85: 639327991 | BA85: 625318400 | BB85: 1225563012 | BC85: 2229807945 | BD85: 2096597850 | BE85: 2096076450 | BF85: 2490209403 | BG85: 9227278614 | BH85: 656209827 | BI85: 681487900 | BJ85: 704746287 | BK85: 710186400 | BL85: 699186400 | BM85: 864686400 | BN85: 699186400 | BO85: 699686400 | BP85: 732686400 | BQ85: 706986400 | BR85: 699186400 | BS85: 1373043400 | BT85: 2042444014 | BU85: 2274059200 | BV85: 2131559200 | BW85: 2779216200 | BX85: 654709827 | BY85: 654709827 | CK85: 654709827 | CO85: =BG85-AP85 -> 314586966 | CP85: =IF(AP85<>0,CO85/AP85,"") -> 0.035296516
A86: =IF((E86+V86)<>0, "in", "ẩn") -> in | C86: HDQT, BKS, Đại diện vốn, Thuê chuyên gia | D86: 1181356444 | E86: 368200000 | F86: 91025000 | G86: 93725000 | H86: 93725000 | I86: 89725000 | J86: 94169444 | K86: 89725000 | L86: 94812000 | M86: 134725000 | N86: 102725000 | O86: 90000000 | P86: 87500000 | Q86: 119500000 | R86: 278475000 | S86: 273619444 | T86: 332262000 | U86: 297000000 | V86: 1123500000 | W86: 1123500000 | X86: 87500000 | Y86: 90000000 | Z86: 87500000 | AA86: 103500000 | AB86: 92000000 | AC86: 87500000 | AD86: 87500000 | AE86: 87500000 | AF86: 103500000 | AG86: 90000000 | AH86: 87500000 | AI86: 119500000 | AK86: 265000000 | AL86: 283000000 | AM86: 278500000 | AN86: 297000000 | AO86: 0.95102541 | AP86: 1300253985 | AQ86: 87500000 | AR86: 90000000 | AS86: 96642900 | AT86: 115500000 | AU86: 99500000 | AV86: 109722200 | AW86: 102500000 | AX86: 131277777 | AY86: 115277777 | AZ86: 117777777 | BA86: 115277777 | BB86: 119277777 | BC86: 274142900 | BD86: 324722200 | BE86: 349055554 | BF86: 352333331 | BG86: 1393333324 | BH86: 117777777 | BI86: 114777777 | BJ86: 113777777 | BK86: 117777777 | BL86: 123777777 | BM86: 113777777 | BN86: 113777777 | BO86: 117777777 | BP86: 113777777 | BQ86: 114777777 | BR86: 113777777 | BS86: 117777777 | BT86: 346333331 | BU86: 355333331 | BV86: 345333331 | BW86: 346333331 | BX86: 117777777 | BY86: 117777777 | CK86: 117777777 | CO86: =BG86-AP86 -> 93079339 | CP86: =IF(AP86<>0,CO86/AP86,"") -> 0.071585506
A87: =IF((E87+V87)<>0, "in", "ẩn") -> in | C87: Chi phí vật liệu quản lý và đồ dùng VP | D87: 1118421124 | E87: 457239104 | F87: 113959211 | G87: 113879661 | H87: 114700116 | I87: 114700116 | J87: 115215702 | K87: 113266707 | L87: 113266707 | M87: 113266707 | N87: 113266654 | O87: 65327526 | P87: 16256874 | Q87: 11315143 | R87: 342538988 | S87: 343182525 | T87: 339800068 | U87: 92899543 | V87: 67013800 | W87: 67013800 | X87: 7208725 | Y87: 7208725 | Z87: 7208725 | AA87: 5478450 | AB87: 5478448 | AC87: 5435521 | AD87: 5435532 | AE87: 4787693 | AF87: 4787693 | AG87: 4787693 | AH87: 4787690 | AI87: 4408905 | AK87: 21626175 | AL87: 16392419 | AM87: 15010918 | AN87: 13984288 | AO87: 0.059918217 | AP87: 100484186 | AQ87: 7208725 | AR87: 7208725 | AS87: 8116225 | AT87: 6385950 | AU87: 6385948 | AV87: 5787465 | AW87: 19979916 | AX87: 7457747 | AY87: 6542747 | AZ87: 13252747 | BA87: 5139634 | BB87: 7018357 | BC87: 22533675 | BD87: 18559363 | BE87: 33980410 | BF87: 25410738 | BG87: 58169236 | BH87: 5615260 | BI87: 5615247 | BJ87: 5615247 | BK87: 5615247 | BL87: 4495802 | BM87: 4458919 | BN87: 4458919 | BO87: 4458919 | BP87: 4458919 | BQ87: 4458919 | BR87: 4458919 | BS87: 4458919 | BT87: 16845754 | BU87: 14569968 | BV87: 13376757 | BW87: 13376757 | BX87: 5615260 | BY87: 5615260 | CK87: 5615260 | CO87: =BG87-AP87 -> -42314950 | CP87: =IF(AP87<>0,CO87/AP87,"") -> -0.42111054
A88: =IF((E88+V88)<>0, "in", "ẩn") -> in | C88: Chi phí khấu hao TSCĐ | D88: 175574583 | E88: 70253434 | F88: 22258465 | G88: 21303515 | H88: 13345727 | I88: 13345727 | J88: 13345727 | K88: 13345727 | L88: 13345727 | M88: 13345727 | N88: 13345727 | O88: 13345727 | P88: 12689060 | Q88: 12557727 | R88: 56907707 | S88: 40037181 | T88: 40037181 | U88: 38592514 | V88: 129092724 | W88: 129092724 | X88: 10757727 | Y88: 10757727 | Z88: 10757727 | AA88: 10757727 | AB88: 10757727 | AC88: 10757727 | AD88: 10757727 | AE88: 10757727 | AF88: 10757727 | AG88: 10757727 | AH88: 10757727 | AI88: 10757727 | AK88: 32273181 | AL88: 32273181 | AM88: 32273181 | AN88: 32273181 | AO88: 0.73525861 | AP88: 148362314 | AQ88: 10757727 | AR88: 10757727 | AS88: 10757727 | AT88: 12132727 | AU88: 12132727 | AV88: 12132727 | AW88: 12132727 | AX88: 12132727 | AY88: 12132727 | AZ88: 12132727 | BA88: 12132727 | BB88: 19027317 | BC88: 32273181 | BD88: 36398181 | BE88: 36398181 | BF88: 43292771 | BG88: 296462568 | BH88: 24705214 | BI88: 24705214 | BJ88: 24705214 | BK88: 24705214 | BL88: 24705214 | BM88: 24705214 | BN88: 24705214 | BO88: 24705214 | BP88: 24705214 | BQ88: 24705214 | BR88: 24705214 | BS88: 24705214 | BT88: 74115642 | BU88: 74115642 | BV88: 74115642 | BW88: 74115642 | BX88: 24705214 | BY88: 24705214 | CK88: 24705214 | CO88: =BG88-AP88 -> 148100254 | CP88: =IF(AP88<>0,CO88/AP88,"") -> 0.99823365
A89: =IF((E89+V89)<>0, "in", "ẩn") -> in | C89: Thuế, phí và lệ phí: | D89: 54217214 | E89: 28275926 | F89: 9681861 | G89: 6236012 | H89: 5056223 | I89: 7301830 | J89: 7722474 | K89: 3861464 | L89: 1897076 | M89: 2305928 | N89: 1556808 | O89: 5000378 | P89: 1913520 | Q89: 1683640 | R89: 20974096 | S89: 18885768 | T89: 5759812 | U89: 8597538 | V89: 52000000 | W89: 52000000 | X89: 8000000 | Y89: 4000000 | Z89: 4000000 | AA89: 4000000 | AB89: 4000000 | AC89: 4000000 | AD89: 4000000 | AE89: 4000000 | AF89: 4000000 | AG89: 4000000 | AH89: 4000000 | AI89: 4000000 | AK89: 16000000 | AL89: 12000000 | AM89: 12000000 | AN89: 12000000 | AO89: 0.95910498 | AP89: 32719058 | AQ89: 5924840 | AR89: 1135856 | AS89: 2077603 | AT89: 6363126 | AU89: 4241462 | AV89: 1172118 | AW89: 1236245 | AX89: 1417678 | AY89: 1384212 | AZ89: 1712738 | BA89: 1695336 | BB89: 4357844 | BC89: 9138299 | BD89: 11776706 | BE89: 4038135 | BF89: 7765918 | BG89: 30000000 | BH89: 2500000 | BI89: 2500000 | BJ89: 2500000 | BK89: 2500000 | BL89: 2500000 | BM89: 2500000 | BN89: 2500000 | BO89: 2500000 | BP89: 2500000 | BQ89: 2500000 | BR89: 2500000 | BS89: 2500000 | BT89: 7500000 | BU89: 7500000 | BV89: 7500000 | BW89: 7500000 | BX89: 1310532 | BY89: 1310532 | CK89: 1310532 | CO89: =BG89-AP89 -> -2719058 | CP89: =IF(AP89<>0,CO89/AP89,"") -> -0.083103187
A90: =IF((E90+V90)<>0, "in", "ẩn") -> in | C90: Chi phí VPP, mực in, phụ kiện máy in | D90: 23352500 | E90: 4920500 | F90: 1453500 | G90: 1150000 | H90: 1609000 | I90: 708000 | J90: 2533000 | K90: 2325000 | L90: 3016500 | M90: 2345500 | N90: 2005800 | O90: 1579500 | P90: 2135700 | Q90: 2491000 | R90: 4212500 | S90: 5566000 | T90: 7367800 | U90: 6206200 | V90: 24000000 | W90: 24000000 | X90: 2000000 | Y90: 2000000 | Z90: 2000000 | AA90: 2000000 | AB90: 2000000 | AC90: 2000000 | AD90: 2000000 | AE90: 2000000 | AF90: 2000000 | AG90: 2000000 | AH90: 2000000 | AI90: 2000000 | AK90: 6000000 | AL90: 6000000 | AM90: 6000000 | AN90: 6000000 | AO90: 1.0277272 | AP90: 23206300 | AQ90: 1917100 | AR90: 2006000 | AS90: 1386000 | AT90: 0 | AU90: 2732500 | AV90: 2655200 | AW90: 2018000 | AX90: 2084500 | AY90: 1412500 | AZ90: 1599500 | BA90: 2020000 | BB90: 3375000 | BC90: 5309100 | BD90: 5387700 | BE90: 5515000 | BF90: 6994500 | BG90: 24074076 | BH90: 1851852 | BI90: 1851852 | BJ90: 1851852 | BK90: 1851852 | BL90: 2777778 | BM90: 2777778 | BN90: 1851852 | BO90: 1851852 | BP90: 1851852 | BQ90: 1851852 | BR90: 1851852 | BS90: 1851852 | BT90: 5555556 | BU90: 7407408 | BV90: 5555556 | BW90: 5555556 | BX90: 2722500 | BY90: 2722500 | CK90: 2722500 | CO90: =BG90-AP90 -> 867776 | CP90: =IF(AP90<>0,CO90/AP90,"") -> 0.037393984
A91: =IF((E91+V91)<>0, "in", "ẩn") -> in | C91: CP CPN, phô tô, in ấn, dịch thuật, công chứng | D91: 51945634 | E91: 21127398 | F91: 0 | G91: 1589375 | H91: 4479875 | I91: 15058148 | J91: 941125 | K91: 2585375 | L91: 1887750 | M91: 3161875 | N91: 2769125 | O91: 16986986 | P91: 1380500 | Q91: 1105500 | R91: 6069250 | S91: 18584648 | T91: 7818750 | U91: 19472986 | V91: 52000000 | W91: 52000000 | X91: 2000000 | Y91: 2000000 | Z91: 2000000 | AA91: 16000000 | AB91: 2000000 | AC91: 2000000 | AD91: 2000000 | AE91: 2000000 | AF91: 2000000 | AG91: 16000000 | AH91: 2000000 | AI91: 2000000 | AK91: 6000000 | AL91: 20000000 | AM91: 6000000 | AN91: 20000000 | AO91: 1.0010466 | AP91: 50628453 | AQ91: 958125 | AR91: 3084875 | AS91: 1720625 | AT91: 14887671 | AU91: 1453375 | AV91: 2798000 | AW91: 1293750 | AX91: 2967875 | AY91: 1434250 | AZ91: 15996310 | BA91: 2400875 | BB91: 1632722 | BC91: 5763625 | BD91: 19139046 | BE91: 5695875 | BF91: 20029907 | BG91: 56000000 | BH91: 1500000 | BI91: 3000000 | BJ91: 3700000 | BK91: 15800000 | BL91: 1500000 | BM91: 3500000 | BN91: 1300000 | BO91: 3000000 | BP91: 1500000 | BQ91: 16200000 | BR91: 2000000 | BS91: 3000000 | BT91: 8200000 | BU91: 20800000 | BV91: 5800000 | BW91: 21200000 | BX91: 1167375 | BY91: 1167375 | CK91: 1167375 | CO91: =BG91-AP91 -> 5371547 | CP91: =IF(AP91<>0,CO91/AP91,"") -> 0.1060974
A92: =IF((E92+V92)<>0, "in", "ẩn") -> in | C92: Điện thoại | D92: 2148466 | E92: 909247 | F92: 135961 | G92: 193626 | H92: 166985 | I92: 412675 | J92: 0 | K92: 205217 | L92: 148805 | M92: 215551 | N92: 160716 | O92: 190084 | P92: 172209 | Q92: 146637 | R92: 496572 | S92: 617892 | T92: 525072 | U92: 508930 | V92: 2222222.2 | W92: 2222222.2 | X92: 185185.19 | Y92: 185185.19 | Z92: 185185.19 | AA92: 185185.19 | AB92: 185185.19 | AC92: 185185.19 | AD92: 185185.19 | AE92: 185185.19 | AF92: 185185.19 | AG92: 185185.19 | AH92: 185185.19 | AI92: 185185.19 | AK92: 555555.56 | AL92: 555555.56 | AM92: 555555.56 | AN92: 555555.56 | AO92: 1.0343297 | AP92: 1802450 | AQ92: 143375 | AR92: 220800 | AS92: 130444 | AT92: 140374 | AU92: 151029 | AV92: 150029 | AW92: 127206 | AX92: 178452 | AY92: 151007 | AZ92: 141432 | BA92: 138253 | BB92: 130049 | BC92: 494619 | BD92: 441432 | BE92: 456665 | BF92: 409734 | BG92: 2160000 | BH92: 180000 | BI92: 180000 | BJ92: 180000 | BK92: 180000 | BL92: 180000 | BM92: 180000 | BN92: 180000 | BO92: 180000 | BP92: 180000 | BQ92: 180000 | BR92: 180000 | BS92: 180000 | BT92: 540000 | BU92: 540000 | BV92: 540000 | BW92: 540000 | BX92: 116707 | BY92: 116707 | CK92: 116707 | CO92: =BG92-AP92 -> 357550 | CP92: =IF(AP92<>0,CO92/AP92,"") -> 0.19836889
A93: =IF((E93+V93)<>0, "in", "ẩn") -> in | C93: Chi phí máy chủ, phần mềm,email, cáp quang… | D93: 133948425 | E93: 53276408 | F93: 14348204 | G93: 9079568 | H93: 20004318 | I93: 9844318 | J93: 9844318 | K93: 12498191 | L93: 9850918 | M93: 11200918 | N93: 9850918 | O93: 9850918 | P93: 8787918 | Q93: 8787918 | R93: 43432090 | S93: 32186827 | T93: 30902754 | U93: 27426754 | V93: 1.7454323e+08 | W93: 1.7454323e+08 | X93: 10410718 | Y93: 11578570 | Z93: 10795819 | AA93: 12612761 | AB93: 15744761 | AC93: 18932034 | AD93: 15744761 | AE93: 15744761 | AF93: 15744761 | AG93: 15744761 | AH93: 15744761 | AI93: 15744761 | AK93: 32785107 | AL93: 47289556 | AM93: 47234283 | AN93: 47234283 | AO93: 1.3030629 | AP93: 120948321 | AQ93: 10410718 | AR93: 11578570 | AS93: 14383819 | AT93: 6883594 | AU93: 7833594 | AV93: 7500737 | AW93: 6960737 | AX93: 6960737 | AY93: 17500737 | AZ93: 11160737 | BA93: 9216237 | BB93: 10558104 | BC93: 36373107 | BD93: 22217925 | BE93: 31422211 | BF93: 30935078 | BG93: 147756013 | BH93: 10558104 | BI93: 13205377 | BJ93: 13033104 | BK93: 20056181 | BL93: 14002981 | BM93: 10273181 | BN93: 10056181 | BO93: 10056181 | BP93: 20596181 | BQ93: 8639514 | BR93: 8639514 | BS93: 8639514 | BT93: 36796585 | BU93: 44332343 | BV93: 40708543 | BW93: 25918542 | BX93: 10558104 | BY93: 10558104 | CK93: 10558104 | CO93: =BG93-AP93 -> 26807692 | CP93: =IF(AP93<>0,CO93/AP93,"") -> 0.22164584
A94: =IF((E94+V94)<>0, "in", "ẩn") -> in | C94: Chi phí điện, nước | D94: 60986996 | E94: 19031859 | F94: 4923862 | G94: 4175365 | H94: 4664711 | I94: 5267921 | J94: 4676491 | K94: 5468174 | L94: 5271360 | M94: 5356268 | N94: 5279700 | O94: 5019182 | P94: 5574386 | Q94: 5309576 | R94: 13763938 | S94: 15412586 | T94: 15907328 | U94: 15903144 | V94: 62018519 | W94: 62018519 | X94: 5092592.6 | Y94: 5092592.6 | Z94: 5092592.6 | AA94: 5092592.6 | AB94: 5092592.6 | AC94: 5092592.6 | AD94: 5092592.6 | AE94: 5092592.6 | AF94: 5092592.6 | AG94: 5092592.6 | AH94: 5092592.6 | AI94: 6000000 | AK94: 15277778 | AL94: 15277778 | AM94: 15277778 | AN94: 16185185 | AO94: 1.0169138 | AP94: 64167381 | AQ94: 4367199 | AR94: 5562657 | AS94: 4798276 | AT94: 4923781 | AU94: 5588935 | AV94: 6471287 | AW94: 5763095 | AX94: 5627689 | AY94: 5262184 | AZ94: 5074579 | BA94: 5488157 | BB94: 5239542 | BC94: 14728132 | BD94: 16984003 | BE94: 16652968 | BF94: 15802278 | BG94: 67980000 | BH94: 5540000 | BI94: 5540000 | BJ94: 5540000 | BK94: 5540000 | BL94: 5540000 | BM94: 6040000 | BN94: 6040000 | BO94: 6040000 | BP94: 5540000 | BQ94: 5540000 | BR94: 5540000 | BS94: 5540000 | BT94: 16620000 | BU94: 17120000 | BV94: 17620000 | BW94: 16620000 | BX94: 5002733 | BY94: 5002733 | CK94: 5002733 | CO94: =BG94-AP94 -> 3812619 | CP94: =IF(AP94<>0,CO94/AP94,"") -> 0.059416778
A95: =IF((E95+V95)<>0, "in", "ẩn") -> in | C95: Chi phí thuê VP, thuê mặt bằng | D95: 2081275560 | E95: 693758520 | F95: 173439630 | G95: 173439630 | H95: 173439630 | I95: 173439630 | J95: 173439630 | K95: 173439630 | L95: 173439630 | M95: 173439630 | N95: 173439630 | O95: 173439630 | P95: 173439630 | Q95: 173439630 | R95: 520318890 | S95: 520318890 | T95: 520318890 | U95: 520318890 | V95: 2081275560 | W95: 2081275560 | X95: 173439630 | Y95: 173439630 | Z95: 173439630 | AA95: 173439630 | AB95: 173439630 | AC95: 173439630 | AD95: 173439630 | AE95: 173439630 | AF95: 173439630 | AG95: 173439630 | AH95: 173439630 | AI95: 173439630 | AK95: 520318890 | AL95: 520318890 | AM95: 520318890 | AN95: 520318890 | AO95: 1 | AP95: 2081275560 | AQ95: 173439630 | AR95: 173439630 | AS95: 173439630 | AT95: 173439630 | AU95: 173439630 | AV95: 173439630 | AW95: 173439630 | AX95: 173439630 | AY95: 173439630 | AZ95: 173439630 | BA95: 173439630 | BB95: 173439630 | BC95: 520318890 | BD95: 520318890 | BE95: 520318890 | BF95: 520318890 | BG95: 2081275560 | BH95: 173439630 | BI95: 173439630 | BJ95: 173439630 | BK95: 173439630 | BL95: 173439630 | BM95: 173439630 | BN95: 173439630 | BO95: 173439630 | BP95: 173439630 | BQ95: 173439630 | BR95: 173439630 | BS95: 173439630 | BT95: 520318890 | BU95: 520318890 | BV95: 520318890 | BW95: 520318890 | BX95: 173439630 | BY95: 173439630 | CK95: 173439630 | CO95: =BG95-AP95 -> 0 | CP95: =IF(AP95<>0,CO95/AP95,"") -> 0
... A108: =IF((E108+V108)<>0, "in", "ẩn") -> ẩn | C108: Chi phí khác (phạt, xử lý nợ khó đòi…) | D108: 2600000 | E108: 0 | F108: 0 | G108: 0 | H108: 0 | I108: 0 | J108: 0 | K108: 0 | L108: 0 | M108: 0 | N108: 2000000 | O108: 0 | P108: 0 | Q108: 600000 | R108: 0 | S108: 0 | T108: 2000000 | U108: 600000 | V108: 0 | W108: 0 | X108: 0 | Y108: 0 | Z108: 0 | AA108: 0 | AB108: 0 | AC108: 0 | AD108: 0 | AE108: 0 | AF108: 0 | AG108: 0 | AH108: 0 | AI108: 0 | AK108: 0 | AL108: 0 | AM108: 0 | AN108: 0 | AO108: 0 | AP108: 3420000 | AQ108: 0 | AR108: 0 | AS108: 0 | AT108: 0 | AU108: 0 | AV108: 0 | AW108: 0 | AX108: 3420000 | AY108: 0 | AZ108: 0 | BA108: 0 | BB108: 0 | BC108: 0 | BD108: 0 | BE108: 3420000 | BF108: 0 | BG108: 0 | BH108: 0 | BI108: 0 | BJ108: 0 | BK108: 0 | BL108: 0 | BM108: 0 | BN108: 0 | BO108: 0 | BP108: 0 | BQ108: 0 | BR108: 0 | BS108: 0 | BT108: 0 | BU108: 0 | BV108: 0 | BW108: 0 | BX108: 0 | BY108: 0 | CK108: 0 | CO108: =BG108-AP108 -> -3420000 | CP108: =IF(AP108<>0,CO108/AP108,"") -> -1
C109: Chi phí tăng vốn 2026 | BG109: 1800000000 | BH109: 0 | BI109: 0 | BJ109: 0 | BK109: 0 | BL109: 600000000 | BM109: 1000000000 | BN109: 200000000 | BO109: 0 | BP109: 0 | BQ109: 0 | BR109: 0 | BS109: 0 | BT109: 0 | BU109: 1600000000 | BV109: 200000000 | BW109: 0
A110: =IF((E110+V110)<>0, "in", "ẩn") -> in | C110: Phí quản lý condotel | D110: 39544527 | E110: 20078181 | F110: 6692727 | G110: 6692727 | H110: 6692727 | I110: 0 | J110: 11557372 | K110: 1970182 | L110: 1970182 | M110: 1970182 | N110: 1970182 | O110: 28246 | P110: 0 | Q110: 0 | R110: 20078181 | S110: 13527554 | T110: 5910546 | U110: 28246 | V110: 0 | W110: 0 | X110: 0 | Y110: 0 | Z110: 0 | AA110: 0 | AB110: 0 | AC110: 0 | AD110: 0 | AE110: 0 | AF110: 0 | AG110: 0 | AH110: 0 | AI110: 0 | AK110: 0 | AL110: 0 | AM110: 0 | AN110: 0 | AO110: 0 | AP110: 0 | AQ110: 0 | AR110: 0 | AS110: 0 | AT110: 0 | AU110: 0 | AV110: 0 | AW110: 0 | AX110: 0 | AY110: 0 | AZ110: 0 | BA110: 0 | BB110: 0 | BC110: 0 | BD110: 0 | BE110: 0 | BF110: 0 | BG110: 0 | BH110: 0 | BI110: 0 | BJ110: 0 | BK110: 0 | BL110: 0 | BM110: 0 | BN110: 0 | BO110: 0 | BP110: 0 | BQ110: 0 | BR110: 0 | BS110: 0 | BT110: 0 | BU110: 0 | BV110: 0 | BW110: 0 | BX110: 0 | BY110: 0 | CK110: 0 | CO110: =BG110-AP110 -> 0 | CP110: =IF(AP110<>0,CO110/AP110,"")
A111: =IF((E111+V111)<>0, "in", "ẩn") -> in | C111: 10. Lợi nhuận thuần từ hoạt động kinh doanh {30 = 20 + (21 - 22) - (25 + 26)} | D111: 50899255431 | E111: -16155124969 | F111: -703213379 | G111: -1223962768 | H111: -13706789138 | I111: -521159684 | J111: 9132407791 | K111: -21864145615 | L111: 2865499610 | M111: 4258310820 | N111: 87291173366 | O111: 95647631 | P111: -4445165739 | Q111: -10279347464 | R111: -15633965285 | S111: -13252897508 | T111: 94414983796 | U111: -14628865572 | V111: 8.983363e+09 | W111: 8.983363e+09 | X111: 1.1981429e+09 | Y111: -1.9460008e+08 | Z111: -1.3503275e+10 | AA111: 46791197 | AB111: 63831631 | AC111: -2.613743e+10 | AD111: 3.3932043e+09 | AE111: 4.8515883e+09 | AF111: 3.6429965e+10 | AG111: 72881647 | AH111: -54803596 | AI111: 2.8170661e+09 | AK111: -1.2499732e+10 | AL111: -2.6026807e+10 | AM111: 4.4674758e+10 | AN111: 2.8351442e+09 | AO111: 0.17649301 | AP111: 29595836055 | AQ111: 1267113621 | AR111: 20369556 | AS111: -12467750853 | AT111: 5087766312 | AU111: 470130343 | AV111: 1652907955 | AW111: 2507865993 | AX111: 4655059474 | AY111: 12255661303 | AZ111: 151081351 | BA111: -3098708104 | BB111: 17094339104 | BC111: -11180267676 | BD111: 7210804610 | BE111: 19418586770 | BF111: 14146712351 | BG111: 361425424112 | BH111: -50594250 | BI111: -115071304 | BJ111: 1882613408 | BK111: 183666232 | BL111: -471190955 | BM111: 2319495055 | BN111: 2756464478 | BO111: 5267070127 | BP111: 11029109021 | BQ111: 340206011858 | BR111: -3065265087 | BS111: 1483115529 | BT111: 1716947854 | BU111: 2031970332 | BV111: 19052643626 | BW111: 338623862300 | BX111: 47467543 | BY111: 47467543 | CK111: 47467543 | CO111: =BG111-AP111 -> 331829588057 | CP111: =IF(AP111<>0,CO111/AP111,"") -> 11.212036
A112: =IF((E112+V112)<>0, "in", "ẩn") -> ẩn | C112: 11. Thu nhập khác | D112: 100013427864 | E112: 0 | F112: 0 | G112: 0 | H112: 0 | I112: 0 | J112: 0 | K112: 0 | L112: 0 | M112: 10000000 | N112: 0 | O112: 0 | P112: 3427864 | Q112: 100000000000 | R112: 0 | S112: 0 | T112: 10000000 | U112: 100003427864 | V112: 0 | W112: 0 | X112: 0 | Y112: 0 | Z112: 0 | AA112: 0 | AB112: 0 | AC112: 0 | AD112: 0 | AE112: 0 | AF112: 0 | AG112: 0 | AH112: 0 | AI112: 0 | AK112: 0 | AL112: 0 | AM112: 0 | AN112: 0 | AO112: 0 | AP112: 298867444 | AQ112: 0 | AR112: 743643 | AS112: 112000 | AT112: 0 | AU112: 0 | AV112: 0 | AW112: 0 | AX112: 0 | AY112: 294451 | AZ112: 0 | BA112: 290909091 | BB112: 6808259 | BC112: 855643 | BD112: 0 | BE112: 294451 | BF112: 297717350 | BG112: 0 | BH112: 0 | BI112: 0 | BJ112: 0 | BK112: 0 | BL112: 0 | BM112: 0 | BN112: 0 | BO112: 0 | BP112: 0 | BQ112: 0 | BR112: 0 | BS112: 0 | BT112: 0 | BU112: 0 | BV112: 0 | BW112: 0 | BX112: 0 | BY112: 0 | CK112: 0 | CO112: =BG112-AP112 -> -298867444 | CP112: =IF(AP112<>0,CO112/AP112,"") -> -1
A113: =IF((E113+V113)<>0, "in", "ẩn") -> in | C113: 12. Chi phí khác | D113: 11495181 | E113: 1890955 | F113: 0 | G113: 226080 | H113: 143215 | I113: 1521660 | J113: 9604190 | K113: 0 | L113: 36 | M113: 0 | N113: 0 | O113: 0 | P113: 0 | Q113: 0 | R113: 369295 | S113: 11125850 | T113: 36 | U113: 0 | V113: 0 | W113: 0 | X113: 0 | Y113: 0 | Z113: 0 | AA113: 0 | AB113: 0 | AC113: 0 | AD113: 0 | AE113: 0 | AF113: 0 | AG113: 0 | AH113: 0 | AI113: 0 | AK113: 0 | AL113: 0 | AM113: 0 | AN113: 0 | AO113: 0 | AP113: 173025314 | AQ113: 0 | AR113: 0 | AS113: 4000000 | AT113: 4336600 | AU113: 430415 | AV113: 253362821 | AW113: 67678101 | AX113: 68199391 | AY113: 43110852 | AZ113: -286722471 | BA113: 1005605 | BB113: 17624000 | BC113: 4000000 | BD113: 258129836 | BE113: 178988344 | BF113: -268092866 | BG113: 0 | BH113: 0 | BI113: 0 | BJ113: 0 | BK113: 0 | BL113: 0 | BM113: 0 | BN113: 0 | BO113: 0 | BP113: 0 | BQ113: 0 | BR113: 0 | BS113: 0 | BT113: 0 | BU113: 0 | BV113: 0 | BW113: 0 | BX113: 0 | BY113: 0 | CK113: 0 | CO113: =BG113-AP113 -> -173025314 | CP113: =IF(AP113<>0,CO113/AP113,"") -> -1
A114: =IF((E114+V114)<>0, "in", "ẩn") -> in | C114: 13. Lợi nhuận khác (40 = 31 - 32) | D114: 100001932683 | E114: -1890955 | F114: 0 | G114: -226080 | H114: -143215 | I114: -1521660 | J114: -9604190 | K114: 0 | L114: -36 | M114: 10000000 | N114: 0 | O114: 0 | P114: 3427864 | Q114: 100000000000 | R114: -369295 | S114: -11125850 | T114: 9999964 | U114: 100003427864 | V114: 0 | W114: 0 | X114: 0 | Y114: 0 | Z114: 0 | AA114: 0 | AB114: 0 | AC114: 0 | AD114: 0 | AE114: 0 | AF114: 0 | AG114: 0 | AH114: 0 | AI114: 0 | AK114: 0 | AL114: 0 | AM114: 0 | AN114: 0 | AO114: 0 | AP114: 125842130 | AQ114: 0 | AR114: 743643 | AS114: -3888000 | AT114: -4336600 | AU114: -430415 | AV114: -253362821 | AW114: -67678101 | AX114: -68199391 | AY114: -42816401 | AZ114: 286722471 | BA114: 289903486 | BB114: -10815741 | BC114: -3144357 | BD114: -258129836 | BE114: -178693893 | BF114: 565810216 | BG114: 0 | BH114: 0 | BI114: 0 | BJ114: 0 | BK114: 0 | BL114: 0 | BM114: 0 | BN114: 0 | BO114: 0 | BP114: 0 | BQ114: 0 | BR114: 0 | BS114: 0 | BT114: 0 | BU114: 0 | BV114: 0 | BW114: 0 | BX114: 0 | BY114: 0 | CK114: 0 | CO114: =BG114-AP114 -> -125842130 | CP114: =IF(AP114<>0,CO114/AP114,"") -> -1
...

Sheet CPQLDN.
F1: THỰC HIỆN NĂM 2025 | T1: KẾ HOẠCH NĂM 2025 | AH1: THỰC HIỆN NĂM 2024 | AV1: THỰC HIỆN NĂM 2026 | BJ1: KẾ HOẠCH NĂM 2026 | BX1: THỰC HIỆN NĂM 2027 | CL1: KẾ HOẠCH NĂM 2027
E2: CP QLDN chi tiết | F2: NĂM 2025 | G2: TH-2025-01 | H2: TH-2025-02 | I2: TH-2025-03 | J2: TH-2025-04 | K2: TH-2025-05 | L2: TH-2025-06 | M2: TH-2025-07 | N2: TH-2025-08 | O2: TH-2025-09 | P2: TH-2025-10 | Q2: TH-2025-11 | R2: TH-2025-12 | T2: NĂM 2025 | U2: KH-2025-01 | V2: KH-2025-02 | W2: KH-2025-03 | X2: KH-2025-04 | Y2: KH-2025-05 | Z2: KH-2025-06 | AA2: KH-2025-07 | AB2: KH-2025-08 | AC2: KH-2025-09 | AD2: KH-2025-10 | AE2: KH-2025-11 | AF2: KH-2025-12 | AH2: NĂM 2024 | AI2: TH-2024-01 | AJ2: TH-2024-02 | AK2: TH-2024-03 | AL2: TH-2024-04 | AM2: TH-2024-05 | AN2: TH-2024-06 | AO2: TH-2024-07 | AP2: TH-2024-08 | AQ2: TH-2024-09 | AR2: TH-2024-10 | AS2: TH-2024-11 | AT2: TH-2024-12 | AV2: NĂM 2026 | AW2: TH-2026-01 | AX2: TH-2026-02 | AY2: TH-2026-03 | AZ2: TH-2026-04 | BA2: TH-2026-05 | BB2: TH-2026-06 | BC2: TH-2026-07 | BD2: TH-2026-08 | BE2: TH-2026-09 | BF2: TH-2026-10 | BG2: TH-2026-11 | BH2: TH-2026-12 | BJ2: NĂM 2026 | BK2: KH-2026-01 | BL2: KH-2026-02 | BM2: KH-2026-03 | BN2: KH-2026-04 | BO2: KH-2026-05 | BP2: KH-2026-06 | BQ2: KH-2026-07 | BR2: KH-2026-08 | BS2: KH-2026-09 | BT2: KH-2026-10 | BU2: KH-2026-11 | BV2: KH-2026-12 | BX2: NĂM 2027 | BY2: TH-2027-01 | BZ2: TH-2027-02 | CA2: TH-2027-03 | CB2: TH-2027-04 | CC2: TH-2027-05 | CD2: TH-2027-06 | CE2: TH-2027-07 | CF2: TH-2027-08 | CG2: TH-2027-09 | CH2: TH-2027-10 | CI2: TH-2027-11 | CJ2: TH-2027-12 | CL2: NĂM 2027 | CM2: KH-2027-01 | CN2: KH-2027-02 | CO2: KH-2027-03 | CP2: KH-2027-04 | CQ2: KH-2027-05 | CR2: KH-2027-06 | CS2: KH-2027-07 | CT2: KH-2027-08 | CU2: KH-2027-09 | CV2: KH-2027-10 | CW2: KH-2027-11 | CX2: KH-2027-12
G3: 1 | H3: 2 | I3: 3 | J3: 4 | K3: 5 | L3: 6 | M3: 7 | N3: 8 | O3: 9 | P3: 10 | Q3: 11 | R3: 12 | AW3: 1 | AX3: 2 | AY3: 3 | AZ3: 4 | BA3: 5 | BB3: 6 | BC3: 7 | BD3: 8 | BE3: 9 | BF3: 10 | BG3: 11 | BH3: 12 | BY3: 1 | BZ3: 2 | CA3: 3 | CB3: 4 | CC3: 5 | CD3: 6 | CE3: 7 | CF3: 8 | CG3: 9 | CH3: 10 | CI3: 11 | CJ3: 12
A4: CT | B4: 9. Chi phí quản lý doanh nghiệp | F4: 20807302319 | G4: 1423642801 | H4: 1255579031 | I4: 1616748999 | J4: 1335684623 | K4: 1195579817 | L4: 2098646855 | M4: 1279490114 | N4: 1281985293 | O4: 1630276362 | P4: 1239794061 | Q4: 4472785982 | R4: 1977088381 | S4: 1162124351 | T4: 2.0191939e+10 | U4: 1.4870743e+09 | V4: 1.4936272e+09 | W4: 1.7748514e+09 | X4: 1.4741734e+09 | Y4: 1.5264682e+09 | Z4: 2.3086992e+09 | AA4: 1.3414477e+09 | AB4: 1.3112221e+09 | AC4: 1.8656646e+09 | AD4: 1.4216221e+09 | AE4: 1.4318813e+09 | AF4: 2.7552077e+09 | AG4: 9938292522 | AH4: 27488502658 | AI4: 2178141707 | AJ4: 2077787709 | AK4: 2344941717 | AL4: 1974387701 | AM4: 2032931184 | AN4: 2494250298 | AO4: 2064843899 | AP4: 2058769462 | AQ4: 1855334066 | AR4: 1388669391 | AS4: 4355412022 | AT4: 2663033502 | AU4: 0 | AV4: 23775488383 | AW4: 1309763830 | AX4: 1432189163 | AY4: 1604975277 | AZ4: 1429038467 | BA4: 2073491748 | BB4: 2973625065 | BC4: 1581382139 | BD4: 1347582139 | BE4: 1627122139 | BF4: 1462165472 | BG4: 4434880472 | BH4: 2499272472 | BJ4: 2.3775488e+10 | BK4: 1309763830 | BL4: 1.4554491e+09 | BM4: 1581715390 | BN4: 1429038467 | BO4: 2073491748 | BP4: 2973625065 | BQ4: 1581382139 | BR4: 1347582139 | BS4: 1627122139 | BT4: 1462165472 | BU4: 4434880472 | BV4: 2499272472
A5: 1+2+3+4+5 | B5: Lương và phúc lơi | F5: 8912691581 | G5: 794942292 | H5: 703470600 | I5: 731395053 | J5: 747176000 | K5: 702180250 | L5: 647241600 | M5: 635611200 | N5: 673241600 | O5: 787223650 | P5: 639327991 | Q5: 625318400 | R5: 1225562945 | S5: 0 | T5: 10175992092 | U5: 783233742 | V5: 695470600 | W5: 740477600 | X5: 842194350 | Y5: 804468350 | Z5: 1063168350 | AA5: 729620350 | AB5: 725320350 | AC5: 798720350 | AD5: 744220350 | AE5: 727320350 | AF5: 1521777350 | AH5: 10666551154 | AI5: 911788650 | AJ5: 958704861 | AK5: 950802765 | AL5: 803831750 | AM5: 765258550 | AN5: 808083850 | AO5: 789059150 | AP5: 815536750 | AQ5: 771099628 | AR5: 893400204 | AS5: 781678946 | AT5: 1417306050 | AU5: 0 | AV5: 9227278614 | AW5: 656209827 | AX5: 681487900 | AY5: 704746287 | AZ5: 710186400 | BA5: 699186400 | BB5: 864686400 | BC5: 699186400 | BD5: 699686400 | BE5: 732686400 | BF5: 706986400 | BG5: 699186400 | BH5: 1373043400 | BJ5: 9.2272786e+09 | BK5: 656209827 | BL5: 7.0474779e+08 | BM5: 681486400 | BN5: 710186400 | BO5: 699186400 | BP5: 864686400 | BQ5: 699186400 | BR5: 699686400 | BS5: 732686400 | BT5: 706986400 | BU5: 699186400 | BV5: 1373043400
B6: Lương và phúc lơi | C6: Chi phí lương hàng tháng, lương tháng 13, thưởng tết | F6: 8262100376 | G6: 704243143 | H6: 664869200 | I6: 687625200 | J6: 709861100 | K6: 664496900 | L6: 614650700 | M6: 601516300 | N6: 640452200 | O6: 591357000 | P6: 598857000 | Q6: 592657000 | R6: 1191514633 | S6: 0 | T6: 9361207543 | U6: 703243143 | V6: 656869200 | W6: 696625200 | X6: 800657000 | Y6: 759557000 | Z6: 762257000 | AA6: 691457000 | AB6: 687157000 | AC6: 738557000 | AD6: 696057000 | AE6: 689157000 | AF6: 1479614000 | AH6: 9996692522 | AI6: 869901800 | AJ6: 849316900 | AK6: 901035100 | AL6: 746341000 | AM6: 725836200 | AN6: 767016500 | AO6: 747116800 | AP6: 778934400 | AQ6: 717325500 | AR6: 842189622 | AS6: 669917500 | AT6: 1381761200 | AU6: 0 | AV6: 8534622927 | AW6: 621738927 | AX6: 624857000 | AY6: 635157000 | AZ6: 672857000 | BA6: 661857000 | BB6: 662357000 | BC6: 661857000 | BD6: 662357000 | BE6: 673357000 | BF6: 664657000 | BG6: 661857000 | BH6: 1331714000 | BJ6: 8534622927 | BK6: 621738927 | BL6: 624857000 | BM6: 635157000 | BN6: 672857000 | BO6: 661857000 | BP6: 662357000 | BQ6: 661857000 | BR6: 662357000 | BS6: 673357000 | BT6: 664657000 | BU6: 661857000 | BV6: 1331714000
A7: 1 | B7: Lương và phúc lơi | D7: Lương theo ngày công | E7: Lương theo ngày công | F7: 7517260043 | G7: 701743143 | H7: 652669200 | I7: 684625200 | J7: 660361100 | K7: 662496900 | L7: 609450700 | M7: 600016300 | N7: 593452200 | O7: 587357000 | P7: 587357000 | Q7: 587357000 | R7: 590374300 | S7: 0 | T7: 8370550543 | U7: 701743143 | V7: 652669200 | W7: 684625200 | X7: 733557000 | Y7: 753557000 | Z7: 752057000 | AA7: 682057000 | AB7: 682057000 | AC7: 682057000 | AD7: 682057000 | AE7: 682057000 | AF7: 682057000 | AG7: Tháng 1 nghỉ 1 nhân sự, Tháng 2 và 3: nhân sự nghỉ sinh đi làm lại, bớt 2 nhân sự HNB và thêm 1 nhân sự khách sạn và chưa gồm lương TGĐ;Tháng 5+6 thêm 1 nhân sự Franchise, phân bổ lương PTGĐ sang OGC 30 tr, chuyển R&D và Franchise sang OCC từ tháng 7/25 | AH7: 9038809622 | AI7: 858901800 | AJ7: 848416900 | AK7: 841935100 | AL7: 693841000 | AM7: 717136200 | AN7: 756616500 | AO7: 743516800 | AP7: 722934400 | AQ7: 712325500 | AR7: 825589622 | AS7: 666317500 | AT7: 651278300 | AU7: 0 | AV7: 7779165927 | AW7: 605238927 | AX7: 620357000 | AY7: 628357000 | AZ7: 658357000 | BA7: 658357000 | BB7: 658357000 | BC7: 658357000 | BD7: 658357000 | BE7: 658357000 | BF7: 658357000 | BG7: 658357000 | BH7: 658357000 | BJ7: 7779165927 | BK7: 605238927 | BL7: 620357000 | BM7: 628357000 | BN7: 658357000 | BO7: 658357000 | BP7: 658357000 | BQ7: 658357000 | BR7: 658357000 | BS7: 658357000 | BT7: 658357000 | BU7: 658357000 | BV7: 658357000
A8: 1 | B8: Lương và phúc lơi | D8: Tháng lương thứ 13 | E8: Tháng lương thứ 13 | F8: 584640333 | G8: 0 | H8: 0 | I8: 0 | J8: 0 | K8: 0 | L8: 0 | M8: 0 | N8: 0 | O8: 0 | P8: 0 | Q8: 0 | R8: 584640333 | S8: 0 | T8: 682057000 | U8: 0 | V8: 0 | W8: 0 | X8: 0 | Y8: 0 | Z8: 0 | AA8: 0 | AB8: 0 | AC8: 0 | AD8: 0 | AE8: 0 | AF8: 682057000 | AH8: 624982900 | AI8: 0 | AJ8: 0 | AK8: 0 | AL8: 0 | AM8: 0 | AN8: 0 | AO8: 0 | AP8: 0 | AQ8: 0 | AR8: 0 | AS8: 0 | AT8: 624982900 | AU8: Chưa bao gồm chi từ quỹ phúc lợi 250tr | AV8: 658357000 | BH8: 658357000 | BJ8: 658357000 | BV8: 658357000
A9: 1 | B9: Lương và phúc lơi | D9: Chi phí phụ cấp Công tác phí | E9: Chi phí phụ cấp Công tác phí | F9: 32700000 | G9: 0 | H9: 2700000 | I9: 2000000 | J9: 2500000 | K9: 1500000 | L9: 4200000 | M9: 1500000 | N9: 2000000 | O9: 3000000 | P9: 4000000 | Q9: 4800000 | R9: 4500000 | S9: 0 | T9: 54600000 | U9: 0 | V9: 2700000 | W9: 2000000 | X9: 9600000 | Y9: 4500000 | Z9: 8700000 | AA9: 7900000 | AB9: 3600000 | AC9: 1000000 | AD9: 3000000 | AE9: 5600000 | AF9: 6000000 | AH9: 58400000 | AI9: 9000000 | AJ9: 900000 | AK9: 9600000 | AL9: 4500000 | AM9: 8700000 | AN9: 7900000 | AO9: 3600000 | AP9: 1000000 | AQ9: 3000000 | AR9: 5600000 | AS9: 3100000 | AT9: 1500000 | AU9: 0 | AV9: 36000000 | AW9: 3000000 | AX9: 3000000 | AY9: 3000000 | AZ9: 3000000 | BA9: 3000000 | BB9: 3000000 | BC9: 3000000 | BD9: 3000000 | BE9: 3000000 | BF9: 3000000 | BG9: 3000000 | BH9: 3000000 | BJ9: 36000000 | BK9: 3000000 | BL9: 3000000 | BM9: 3000000 | BN9: 3000000 | BO9: 3000000 | BP9: 3000000 | BQ9: 3000000 | BR9: 3000000 | BS9: 3000000 | BT9: 3000000 | BU9: 3000000 | BV9: 3000000
A10: 2 | B10: Lương và phúc lơi | D10: Thưởng Tết âm lịch | E10: Thưởng Tết âm lịch | F10: 0 | G10: 0 | H10: 0 | I10: 0 | J10: 0 | K10: 0 | L10: 0 | M10: 0 | N10: 0 | O10: 0 | P10: 0 | Q10: 0 | R10: 0 | S10: 0 | T10: 54000000 | U10: 0 | V10: 0 | W10: 0 | X10: 0 | Y10: 0 | Z10: 0 | AA10: 0 | AB10: 0 | AC10: 0 | AD10: 0 | AE10: 0 | AF10: 54000000 | AG10: KH nhân sự tại 31/12/24 là 28 người và 8 TV HĐQT BKS | AH10: 52000000 | AI10: 0 | AJ10: 0 | AK10: 0 | AL10: 0 | AM10: 0 | AN10: 0 | AO10: 0 | AP10: 0 | AQ10: 0 | AR10: 0 | AS10: 0 | AT10: 52000000 | AU10: 0 | AV10: 11000000 | AW10: 11000000 | BJ10: 11000000 | BK10: 11000000
A11: 2 | B11: Lương và phúc lơi | D11: Lương thâm niên | E11: Lương thâm niên | F11: 0 | G11: 0 | H11: 0 | I11: 0 | J11: 0 | K11: 0 | L11: 0 | M11: 0 | N11: 0 | O11: 0 | P11: 0 | Q11: 0 | R11: 0 | S11: 0 | T11: 0 | U11: 0 | V11: 0 | W11: 0 | X11: 0 | Y11: 0 | Z11: 0 | AA11: 0 | AB11: 0 | AC11: 0 | AD11: 0 | AE11: 0 | AF11: 0 | AH11: 47000000 | AI11: 0 | AJ11: 0 | AK11: 47000000 | AL11: 0 | AM11: 0 | AN11: 0 | AO11: 0 | AP11: 0 | AQ11: 0 | AR11: 0 | AS11: 0 | AT11: 0 | AU11: Thâm niên 2023 trả vào 2024 | AV11: 0 | BJ11: 0
A12: 2 | B12: Lương và phúc lơi | D12: Thưởng Tết dương lịch | E12: Thưởng Tết dương lịch | F12: 11000000 | G12: 0 | H12: 0 | I12: 0 | J12: 0 | K12: 0 | L12: 0 | M12: 0 | N12: 0 | O12: 0 | P12: 0 | Q12: 0 | R12: 11000000 | S12: 0 | T12: 54000000 | U12: 0 | V12: 0 | W12: 0 | X12: 0 | Y12: 0 | Z12: 0 | AA12: 0 | AB12: 0 | AC12: 0 | AD12: 0 | AE12: 0 | AF12: 54000000 | AH12: 52000000 | AI12: 0 | AJ12: 0 | AK12: 0 | AL12: 0 | AM12: 0 | AN12: 0 | AO12: 0 | AP12: 0 | AQ12: 0 | AR12: 0 | AS12: 0 | AT12: 52000000 | AU12: 0 | AV12: 11000000 | BH12: 11000000 | BJ12: 11000000 | BV12: 11000000
A13: 2 | B13: Lương và phúc lơi | D13: Thưởng 8/3 | E13: Thưởng 8/3 | F13: 8000000 | G13: 0 | H13: 8000000 | I13: 0 | J13: 0 | K13: 0 | L13: 0 | M13: 0 | N13: 0 | O13: 0 | P13: 0 | Q13: 0 | R13: 0 | S13: 0 | T13: 9000000 | U13: 0 | V13: 0 | W13: 9000000 | X13: 0 | Y13: 0 | Z13: 0 | AA13: 0 | AB13: 0 | AC13: 0 | AD13: 0 | AE13: 0 | AF13: 0 | AH13: 0 | AI13: 0 | AJ13: 0 | AK13: 0 | AL13: 0 | AM13: 0 | AN13: 0 | AO13: 0 | AP13: 0 | AQ13: 0 | AR13: 0 | AS13: 0 | AT13: 0 | AU13: 2024 là 9 triệu chi bằng quỹ phúc lợi | AV13: 2800000 | AY13: 2800000 | BJ13: 2800000 | BM13: 2800000
A14: 2 | B14: Lương và phúc lơi | D14: Thưởng 30/04-1/5 | E14: Thưởng 30/04-1/5 | F14: 47000000 | G14: 0 | H14: 0 | I14: 0 | J14: 47000000 | K14: 0 | L14: 0 | M14: 0 | N14: 0 | O14: 0 | P14: 0 | Q14: 0 | R14: 0 | S14: 0 | T14: 56000000 | U14: 0 | V14: 0 | W14: 0 | X14: 56000000 | Y14: 0 | Z14: 0 | AA14: 0 | AB14: 0 | AC14: 0 | AD14: 0 | AE14: 0 | AF14: 0 | AH14: 48000000 | AI14: 0 | AJ14: 0 | AK14: 0 | AL14: 48000000 | AM14: 0 | AN14: 0 | AO14: 0 | AP14: 0 | AQ14: 0 | AR14: 0 | AS14: 0 | AT14: 0 | AU14: 0 | AV14: 11000000 | AZ14: 11000000 | BJ14: 11000000 | BN14: 11000000
A15: 2 | B15: Lương và phúc lơi | D15: Sinh nhật CBNV | E15: Sinh nhật CBNV | F15: 10500000 | G15: 2500000 | H15: 1500000 | I15: 1000000 | J15: 0 | K15: 500000 | L15: 1000000 | M15: 0 | N15: 1000000 | O15: 1000000 | P15: 500000 | Q15: 500000 | R15: 1000000 | S15: 0 | T15: 17500000 | U15: 1500000 | V15: 1500000 | W15: 1000000 | X15: 1500000 | Y15: 1500000 | Z15: 1500000 | AA15: 1500000 | AB15: 1500000 | AC15: 1500000 | AD15: 1500000 | AE15: 1500000 | AF15: 1500000 | AH15: 11000000 | AI15: 2000000 | AJ15: 0 | AK15: 2500000 | AL15: 0 | AM15: 0 | AN15: 2500000 | AO15: 0 | AP15: 0 | AQ15: 2000000 | AR15: 1500000 | AS15: 500000 | AT15: 0 | AU15: 0 | AV15: 11500000 | AW15: 2500000 | AX15: 1500000 | AY15: 1000000 | AZ15: 500000 | BA15: 500000 | BB15: 1000000 | BC15: 500000 | BD15: 1000000 | BE15: 1000000 | BF15: 500000 | BG15: 500000 | BH15: 1000000 | BJ15: 11500000 | BK15: 2500000 | BL15: 1500000 | BM15: 1000000 | BN15: 500000 | BO15: 500000 | BP15: 1000000 | BQ15: 500000 | BR15: 1000000 | BS15: 1000000 | BT15: 500000 | BU15: 500000 | BV15: 1000000
A16: 2 | B16: Lương và phúc lơi | D16: Thưởng 2/9 | E16: Thưởng 2/9 | F16: 44000000 | G16: 0 | H16: 0 | I16: 0 | J16: 0 | K16: 0 | L16: 0 | M16: 0 | N16: 44000000 | O16: 0 | P16: 0 | Q16: 0 | R16: 0 | S16: 0 | T16: 54000000 | U16: 0 | V16: 0 | W16: 0 | X16: 0 | Y16: 0 | Z16: 0 | AA16: 0 | AB16: 0 | AC16: 54000000 | AD16: 0 | AE16: 0 | AF16: 0 | AH16: 55000000 | AI16: 0 | AJ16: 0 | AK16: 0 | AL16: 0 | AM16: 0 | AN16: 0 | AO16: 0 | AP16: 55000000 | AQ16: 0 | AR16: 0 | AS16: 0 | AT16: 0 | AU16: 0 | AV16: 11000000 | BE16: 11000000 | BJ16: 11000000 | BS16: 11000000
A17: 2 | B17: Lương và phúc lơi | D17: Thưởng 20/10 | E17: Thưởng 20/10 | F17: 7000000 | G17: 0 | H17: 0 | I17: 0 | J17: 0 | K17: 0 | L17: 0 | M17: 0 | N17: 0 | O17: 0 | P17: 7000000 | Q17: 0 | R17: 0 | S17: 0 | T17: 9500000 | U17: 0 | V17: 0 | W17: 0 | X17: 0 | Y17: 0 | Z17: 0 | AA17: 0 | AB17: 0 | AC17: 0 | AD17: 9500000 | AE17: 0 | AF17: 0 | AH17: 9500000 | AI17: 0 | AJ17: 0 | AK17: 0 | AL17: 0 | AM17: 0 | AN17: 0 | AO17: 0 | AP17: 0 | AQ17: 0 | AR17: 9500000 | AS17: 0 | AT17: 0 | AU17: 0 | AV17: 2800000 | BF17: 2800000 | BJ17: 2800000 | BT17: 2800000
B18: Lương và phúc lơi | C18: Các khoản trích theo lương: BHXH. BHYT. KP Công Đoàn | F18: 425087700 | G18: 40009850 | H18: 38601400 | I18: 39852400 | J18: 37314900 | K18: 37683350 | L18: 32590900 | M18: 34094900 | N18: 32789400 | O18: 32661400 | P18: 32661400 | Q18: 32661400 | R18: 34166400 | S18: 0 | T18: 478803800 | U18: 40009850 | V18: 38601400 | W18: 39852400 | X18: 41537350 | Y18: 44911350 | Z18: 44911350 | AA18: 38163350 | AB18: 38163350 | AC18: 38163350 | AD18: 38163350 | AE18: 38163350 | AF18: 38163350 | AH18: 467587700 | AI18: 41886850 | AJ18: 41676850 | AK18: 40172850 | AL18: 39422350 | AM18: 39422350 | AN18: 41067350 | AO18: 38247350 | AP18: 36602350 | AQ18: 36602350 | AR18: 38247350 | AS18: 38694850 | AT18: 35544850 | AU18: 0 | AV18: 442235800 | AW18: 34470900 | AX18: 34470900 | AY18: 37329400 | AZ18: 37329400 | BA18: 37329400 | BB18: 37329400 | BC18: 37329400 | BD18: 37329400 | BE18: 37329400 | BF18: 37329400 | BG18: 37329400 | BH18: 37329400 | BJ18: 442235800 | BK18: 34470900 | BL18: 34470900 | BM18: 37329400 | BN18: 37329400 | BO18: 37329400 | BP18: 37329400 | BQ18: 37329400 | BR18: 37329400 | BS18: 37329400 | BT18: 37329400 | BU18: 37329400 | BV18: 37329400
A19: 3 | B19: Lương và phúc lơi | D19: Bảo hiểm (DN) | E19: Bảo hiểm (DN) | F19: 387339300 | G19: 36479650 | H19: 35096600 | I19: 36335600 | J19: 34028100 | K19: 34351150 | L19: 29692100 | M19: 31068100 | N19: 29756600 | O19: 29756600 | P19: 29756600 | Q19: 29756600 | R19: 31261600 | S19: 0 | T19: 435906200 | U19: 36479650 | V19: 35096600 | W19: 36335600 | X19: 37877150 | Y19: 41102150 | Z19: 41102150 | AA19: 34652150 | AB19: 34652150 | AC19: 34652150 | AD19: 34652150 | AE19: 34652150 | AF19: 34652150 | AH19: 426491300 | AI19: 38232650 | AJ19: 38022650 | AK19: 36646650 | AL19: 35942150 | AM19: 35942150 | AN19: 37447150 | AO19: 34867150 | AP19: 33362150 | AQ19: 33362150 | AR19: 34867150 | AS19: 35404650 | AT19: 32394650 | AU19: 0 | AV19: 404250200 | AW19: 31412100 | AX19: 31412100 | AY19: 34142600 | AZ19: 34142600 | BA19: 34142600 | BB19: 34142600 | BC19: 34142600 | BD19: 34142600 | BE19: 34142600 | BF19: 34142600 | BG19: 34142600 | BH19: 34142600 | BJ19: 404250200 | BK19: 31412100 | BL19: 31412100 | BM19: 34142600 | BN19: 34142600 | BO19: 34142600 | BP19: 34142600 | BQ19: 34142600 | BR19: 34142600 | BS19: 34142600 | BT19: 34142600 | BU19: 34142600 | BV19: 34142600
A20: 3 | B20: Lương và phúc lơi | D20: Công đoàn (DN) | E20: Công đoàn (DN) | F20: 37748400 | G20: 3530200 | H20: 3504800 | I20: 3516800 | J20: 3286800 | K20: 3332200 | L20: 2898800 | M20: 3026800 | N20: 3032800 | O20: 2904800 | P20: 2904800 | Q20: 2904800 | R20: 2904800 | S20: 0 | T20: 42897600 | U20: 3530200 | V20: 3504800 | W20: 3516800 | X20: 3660200 | Y20: 3809200 | Z20: 3809200 | AA20: 3511200 | AB20: 3511200 | AC20: 3511200 | AD20: 3511200 | AE20: 3511200 | AF20: 3511200 | AH20: 41096400 | AI20: 3654200 | AJ20: 3654200 | AK20: 3526200 | AL20: 3480200 | AM20: 3480200 | AN20: 3620200 | AO20: 3380200 | AP20: 3240200 | AQ20: 3240200 | AR20: 3380200 | AS20: 3290200 | AT20: 3150200 | AU20: 0 | AV20: 37985600 | AW20: 3058800 | AX20: 3058800 | AY20: 3186800 | AZ20: 3186800 | BA20: 3186800 | BB20: 3186800 | BC20: 3186800 | BD20: 3186800 | BE20: 3186800 | BF20: 3186800 | BG20: 3186800 | BH20: 3186800 | BJ20: 37985600 | BK20: 3058800 | BL20: 3058800 | BM20: 3186800 | BN20: 3186800 | BO20: 3186800 | BP20: 3186800 | BQ20: 3186800 | BR20: 3186800 | BS20: 3186800 | BT20: 3186800 | BU20: 3186800 | BV20: 3186800
B21: Lương và phúc lơi | C21: Chi phí phúc lợi khác (du lịch, quà tết…) | F21: 225503505 | G21: 50689299 | H21: 0 | I21: 3917453 | J21: 0 | K21: 0 | L21: 0 | M21: 0 | N21: 0 | O21: 163205250 | P21: 7809591 | Q21: 0 | R21: -118088 | S21: 0 | T21: 335980749 | U21: 39980749 | V21: 0 | W21: 4000000 | X21: 0 | Y21: 0 | Z21: 256000000 | AA21: 0 | AB21: 0 | AC21: 22000000 | AD21: 10000000 | AE21: 0 | AF21: 4000000 | AH21: 202270932 | AI21: 0 | AJ21: 67711111 | AK21: 9594815 | AL21: 18068400 | AM21: 0 | AN21: 0 | AO21: 3695000 | AP21: 0 | AQ21: 17171778 | AR21: 12963232 | AS21: 73066596 | AT21: 0 | AU21: 0 | AV21: 250419887 | AW21: 0 | AX21: 22160000 | AY21: 32259887 | AZ21: 0 | BA21: 0 | BB21: 165000000 | BC21: 0 | BD21: 0 | BE21: 22000000 | BF21: 5000000 | BG21: 0 | BH21: 4000000 | BJ21: 2.5041989e+08 | BK21: 0 | BL21: 45419887 | BM21: 9000000 | BN21: 0 | BO21: 0 | BP21: 165000000 | BQ21: 0 | BR21: 0 | BS21: 22000000 | BT21: 5000000 | BU21: 0 | BV21: 4000000
A22: 5 | B22: Lương và phúc lơi | D22: Quà Tết trung thu | E22: Quà Tết trung thu | F22: 16205250 | G22: 0 | H22: 0 | I22: 0 | J22: 0 | K22: 0 | L22: 0 | M22: 0 | N22: 0 | O22: 16205250 | P22: 0 | Q22: 0 | R22: 0 | S22: 0 | T22: 18000000 | U22: 0 | V22: 0 | W22: 0 | X22: 0 | Y22: 0 | Z22: 0 | AA22: 0 | AB22: 0 | AC22: 18000000 | AD22: 0 | AE22: 0 | AF22: 0 | AH22: 17171778 | AI22: 0 | AJ22: 0 | AK22: 0 | AL22: 0 | AM22: 0 | AN22: 0 | AO22: 0 | AP22: 0 | AQ22: 17171778 | AR22: 0 | AS22: 0 | AT22: 0 | AU22: 0 | AV22: 18000000 | BE22: 18000000 | BJ22: 18000000 | BS22: 18000000
A23: 5 | B23: Lương và phúc lơi | D23: Quà tặng khác cho CBNV (tết) | E23: Quà tặng khác cho CBNV (tết) | F23: 21852612 | G23: 21852612 | H23: 0 | I23: 0 | J23: 0 | K23: 0 | L23: 0 | M23: 0 | N23: 0 | O23: 0 | P23: 0 | Q23: 0 | R23: 0 | S23: 0 | T23: 11133299 | U23: 11133299 | V23: 0 | W23: 0 | X23: 0 | Y23: 0 | Z23: 0 | AA23: 0 | AB23: 0 | AC23: 0 | AD23: 0 | AE23: 0 | AF23: 0 | AH23: 23948400 | AI23: 0 | AJ23: 0 | AK23: 5880000 | AL23: 18068400 | AM23: 0 | AN23: 0 | AO23: 0 | AP23: 0 | AQ23: 0 | AR23: 0 | AS23: 0 | AT23: 0 | AU23: 0 | AV23: 20160000 | AX23: 20160000 | BJ23: 20160000 | BL23: 20160000
A24: 5 | B24: Lương và phúc lơi | D24: Chi phí du lịch cho CBNV | E24: Chi phí du lịch cho CBNV | F24: 143224912 | G24: 0 | H24: 0 | I24: 0 | J24: 0 | K24: 0 | L24: 0 | M24: 0 | N24: 0 | O24: 147000000 | P24: 0 | Q24: 0 | R24: -3775088 | S24: 0 | T24: 252000000 | U24: 0 | V24: 0 | W24: 0 | X24: 0 | Y24: 0 | Z24: 252000000 | AA24: 0 | AB24: 0 | AC24: 0 | AD24: 0 | AE24: 0 | AF24: 0 | AG24: lấy theo định mức 2023 9 tr/ người đi Hạ Long * số lượng 28 người | AH24: 73066596 | AI24: 0 | AJ24: 0 | AK24: 0 | AL24: 0 | AM24: 0 | AN24: 0 | AO24: 0 | AP24: 0 | AQ24: 0 | AR24: 0 | AS24: 73066596 | AT24: 0 | AU24: 6 tr đưa vào quỹ phúc lợi | AV24: 161000000 | BB24: 161000000 | BJ24: 161000000 | BP24: 161000000
A25: 40 | B25: Lương và phúc lơi | D25: Sinh nhật tháng, quý | E25: Chi tổ chức sinh nhật tháng, quý | F25: 10759044 | G25: 0 | H25: 0 | I25: 3917453 | J25: 0 | K25: 0 | L25: 0 | M25: 0 | N25: 0 | O25: 0 | P25: 3184591 | Q25: 0 | R25: 3657000 | S25: 0 | T25: 16000000 | U25: 0 | V25: 0 | W25: 4000000 | X25: 0 | Y25: 0 | Z25: 4000000 | AA25: 0 | AB25: 0 | AC25: 4000000 | AD25: 0 | AE25: 0 | AF25: 4000000 | AH25: 16658232 | AI25: 0 | AJ25: 0 | AK25: 0 | AL25: 0 | AM25: 0 | AN25: 0 | AO25: 3695000 | AP25: 0 | AQ25: 0 | AR25: 12963232 | AS25: 0 | AT25: 0 | AU25: 0 | AV25: 16000000 | AY25: 4000000 | BB25: 4000000 | BE25: 4000000 | BH25: 4000000 | BJ25: 16000000 | BM25: 4000000 | BP25: 4000000 | BS25: 4000000 | BV25: 4000000
A26: 40 | B26: Lương và phúc lơi | D26: Chi phí tổ chức Noel, Tết Dương lịch, khai xuân | E26: Chi phí tổ chức Noel, Tết Dương lịch, khai xuân | F26: 1989237 | G26: 1989237 | H26: 0 | I26: 0 | J26: 0 | K26: 0 | L26: 0 | M26: 0 | N26: 0 | O26: 0 | P26: 0 | Q26: 0 | R26: 0 | S26: 0 | T26: 2000000 | U26: 2000000 | V26: 0 | W26: 0 | X26: 0 | Y26: 0 | Z26: 0 | AA26: 0 | AB26: 0 | AC26: 0 | AD26: 0 | AE26: 0 | AF26: 0 | AH26: 3714815 | AI26: 0 | AJ26: 0 | AK26: 3714815 | AL26: 0 | AM26: 0 | AN26: 0 | AO26: 0 | AP26: 0 | AQ26: 0 | AR26: 0 | AS26: 0 | AT26: 0 | AU26: 0 | AV26: 2000000 | AX26: 2000000 | BJ26: 2000000 | BL26: 2000000
A27: 40 | B27: Lương và phúc lơi | D27: Chi phí tổ chức tiệc cuối năm âm lịch | E27: Chi phí tổ chức tiệc cuối năm âm lịch | F27: 26847450 | G27: 26847450 | H27: 0 | I27: 0 | J27: 0 | K27: 0 | L27: 0 | M27: 0 | N27: 0 | O27: 0 | P27: 0 | Q27: 0 | R27: 0 | S27: 0 | T27: 26847450 | U27: 26847450 | V27: 0 | W27: 0 | X27: 0 | Y27: 0 | Z27: 0 | AA27: 0 | AB27: 0 | AC27: 0 | AD27: 0 | AE27: 0 | AF27: 0 | AH27: 67711111 | AI27: 0 | AJ27: 67711111 | AK27: 0 | AL27: 0 | AM27: 0 | AN27: 0 | AO27: 0 | AP27: 0 | AQ27: 0 | AR27: 0 | AS27: 0 | AT27: 0 | AU27: 0 | AV27: 23259887 | AY27: 23259887 | BJ27: 23259887 | BL27: 23259887
A28: 40 | B28: Lương và phúc lơi | D28: Chi phí tổ chức 20/10, 8/3 | E28: Chi phí tổ chức 8/3 | AV28: 5000000 | AY28: 5000000 | BJ28: 5000000 | BM28: 5000000
A29: 40 | B29: Lương và phúc lơi | D29: Chi phí tổ chức 20/10, 8/3 | E29: Chi phí tổ chức 20/10 | F29: 4625000 | G29: 0 | H29: 0 | I29: 0 | J29: 0 | K29: 0 | L29: 0 | M29: 0 | N29: 0 | O29: 0 | P29: 4625000 | Q29: 0 | R29: 0 | S29: 0 | T29: 10000000 | U29: 0 | V29: 0 | W29: 0 | X29: 0 | Y29: 0 | Z29: 0 | AA29: 0 | AB29: 0 | AC29: 0 | AD29: 10000000 | AE29: 0 | AF29: 0 | AH29: 0 | AI29: 0 | AJ29: 0 | AK29: 0 | AL29: 0 | AM29: 0 | AN29: 0 | AO29: 0 | AP29: 0 | AQ29: 0 | AR29: 0 | AS29: 0 | AT29: 0 | AU29: 0 | AV29: 5000000 | BF29: 5000000 | BJ29: 5000000 | BT29: 5000000
A30: 6 | B30: Thù lao HDQT, BKS, Đại diện vốn, Thuê chuyên gia | F30: 1300253985 | G30: 87500000 | H30: 90000000 | I30: 96642900 | J30: 115500000 | K30: 99500000 | L30: 109722200 | M30: 102500000 | N30: 131277777 | O30: 115277777 | P30: 117777777 | Q30: 115277777 | R30: 119277777 | S30: 0 | T30: 1123500000 | U30: 87500000 | V30: 90000000 | W30: 87500000 | X30: 103500000 | Y30: 92000000 | Z30: 87500000 | AA30: 87500000 | AB30: 87500000 | AC30: 103500000 | AD30: 90000000 | AE30: 87500000 | AF30: 119500000 | AH30: 1181356444 | AI30: 91025000 | AJ30: 93725000 | AK30: 93725000 | AL30: 89725000 | AM30: 94169444 | AN30: 89725000 | AO30: 94812000 | AP30: 134725000 | AQ30: 102725000 | AR30: 90000000 | AS30: 87500000 | AT30: 119500000 | AV30: 1393333324 | AW30: 117777777 | AX30: 114777777 | AY30: 113777777 | AZ30: 117777777 | BA30: 123777777 | BB30: 113777777 | BC30: 113777777 | BD30: 117777777 | BE30: 113777777 | BF30: 114777777 | BG30: 113777777 | BH30: 117777777 | BJ30: 1393333324 | BK30: 117777777 | BL30: 114777777 | BM30: 113777777 | BN30: 117777777 | BO30: 123777777 | BP30: 113777777 | BQ30: 113777777 | BR30: 117777777 | BS30: 113777777 | BT30: 114777777 | BU30: 113777777 | BV30: 117777777
B31: Thù lao HDQT, BKS, Đại diện vốn, Thuê chuyên gia | C31: Thù lao HĐQT, BKS | E31: Thù lao HĐQT, BKS | F31: 960000000 | G31: 80000000 | H31: 80000000 | I31: 80000000 | J31: 80000000 | K31: 80000000 | L31: 80000000 | M31: 80000000 | N31: 80000000 | O31: 80000000 | P31: 80000000 | Q31: 80000000 | R31: 80000000 | S31: 0 | T31: 960000000 | U31: 80000000 | V31: 80000000 | W31: 80000000 | X31: 80000000 | Y31: 80000000 | Z31: 80000000 | AA31: 80000000 | AB31: 80000000 | AC31: 80000000 | AD31: 80000000 | AE31: 80000000 | AF31: 80000000 | AH31: 960000000 | AI31: 80000000 | AJ31: 80000000 | AK31: 80000000 | AL31: 80000000 | AM31: 80000000 | AN31: 80000000 | AO31: 80000000 | AP31: 80000000 | AQ31: 80000000 | AR31: 80000000 | AS31: 80000000 | AT31: 80000000 | AV31: 960000000 | AW31: 80000000 | AX31: 80000000 | AY31: 80000000 | AZ31: 80000000 | BA31: 80000000 | BB31: 80000000 | BC31: 80000000 | BD31: 80000000 | BE31: 80000000 | BF31: 80000000 | BG31: 80000000 | BH31: 80000000 | BJ31: 960000000 | BK31: 80000000 | BL31: 80000000 | BM31: 80000000 | BN31: 80000000 | BO31: 80000000 | BP31: 80000000 | BQ31: 80000000 | BR31: 80000000 | BS31: 80000000 | BT31: 80000000 | BU31: 80000000 | BV31: 80000000
B32: Thù lao HDQT, BKS, Đại diện vốn, Thuê chuyên gia | C32: Thù lao HĐQT, BKS- Các khoản chi bổ sung | E32: Thù lao HĐQT, BKS- Các khoản chi bổ sung | F32: 41000000 | G32: 0 | H32: 2500000 | I32: 0 | J32: 16000000 | K32: 0 | L32: 0 | M32: 0 | N32: 16000000 | O32: 0 | P32: 2500000 | Q32: 0 | R32: 4000000 | S32: 0 | T32: 69000000 | V32: 2500000 | X32: 16000000 | AC32: 16000000 | AD32: 2500000 | AF32: 32000000 | AG32: Thù lao HĐQT, BKS- Các khoản chi bổ sung 8/3, 20/10, 2/9,30/4-1/5,2/9, tết âm, tết dương | AH32: 66500000 | AP32: 32000000 | AR32: 2500000 | AT32: 32000000 | AU32: Do 30/4-1/5 trả sau vào tháng 8/24 Thưởng tết âm lịch 16 tr, tết dương lịch 16 tr | AV32: 18000000 | AW32: 4000000 | AX32: 1000000 | AY32: 0 | AZ32: 4000000 | BA32: 0 | BB32: 0 | BC32: 0 | BD32: 4000000 | BE32: 0 | BF32: 1000000 | BG32: 0 | BH32: 4000000 | BJ32: 18000000 | BK32: 4000000 | BL32: 1000000 | BM32: 0 | BN32: 4000000 | BO32: 0 | BP32: 0 | BQ32: 0 | BR32: 4000000 | BS32: 0 | BT32: 1000000 | BU32: 0 | BV32: 4000000
B33: Thù lao HDQT, BKS, Đại diện vốn, Thuê chuyên gia | C33: HĐ mùa vụ (Mr Vinh, Ms Ngọc,...) | E33: HĐ mùa vụ (Mr Vinh, Ms Ngọc,...) | F33: 299253985 | G33: 7500000 | H33: 7500000 | I33: 16642900 | J33: 19500000 | K33: 19500000 | L33: 29722200 | M33: 22500000 | N33: 35277777 | O33: 35277777 | P33: 35277777 | Q33: 35277777 | R33: 35277777 | S33: 0 | T33: 94500000 | U33: 7500000 | V33: 7500000 | W33: 7500000 | X33: 7500000 | Y33: 12000000 | Z33: 7500000 | AA33: 7500000 | AB33: 7500000 | AC33: 7500000 | AD33: 7500000 | AE33: 7500000 | AF33: 7500000 | AG33: 2024 có 5 người, 2025 gồm 2 người a Vinh và a Danh; tháng 5 thêm nhân sự đại hội | AH33: 154856444 | AI33: 11025000 | AJ33: 13725000 | AK33: 13725000 | AL33: 9725000 | AM33: 14169444 | AN33: 9725000 | AO33: 14812000 | AP33: 22725000 | AQ33: 22725000 | AR33: 7500000 | AS33: 7500000 | AT33: 7500000 | AV33: 415333324 | AW33: 33777777 | AX33: 33777777 | AY33: 33777777 | AZ33: 33777777 | BA33: 43777777 | BB33: 33777777 | BC33: 33777777 | BD33: 33777777 | BE33: 33777777 | BF33: 33777777 | BG33: 33777777 | BH33: 33777777 | BJ33: 415333324 | BK33: 33777777 | BL33: 33777777 | BM33: 33777777 | BN33: 33777777 | BO33: 43777777 | BP33: 33777777 | BQ33: 33777777 | BR33: 33777777 | BS33: 33777777 | BT33: 33777777 | BU33: 33777777 | BV33: 33777777
B34: Chi phí vật liệu quản lý và đồ dùng VP | F34: 240793992 | G34: 17966452 | H34: 17966452 | I34: 18873952 | J34: 18518677 | K34: 18518675 | L34: 17920192 | M34: 32112643 | N34: 19590474 | O34: 18675474 | P34: 19590474 | Q34: 17272361 | R34: 23788166 | S34: 205181524 | T34: 196106524 | U34: 17966452 | V34: 17966452 | W34: 17966452 | X34: 16236177 | Y34: 16236175 | Z34: 16193248 | AA34: 16193259 | AB34: 15545420 | AC34: 15545420 | AD34: 15545420 | AE34: 15545417 | AF34: 15166632 | AH34: 1293995707 | AI34: 136217676 | AJ34: 135183176 | AK34: 128045843 | AL34: 128045843 | AM34: 128561429 | AN34: 126612434 | AO34: 126612434 | AP34: 126612434 | AQ34: 126612381 | AR34: 78673253 | AS34: 28945934 | AT34: 23872870 | AV34: 354631804 | AW34: 30320474 | AX34: 30320461 | AY34: 30320461 | AZ34: 30320461 | BA34: 29201016 | BB34: 29164133 | BC34: 29164133 | BD34: 29164133 | BE34: 29164133 | BF34: 29164133 | BG34: 29164133 | BH34: 29164133 | BJ34: 354631804 | BK34: 30320474 | BL34: 30320461 | BM34: 30320461 | BN34: 30320461 | BO34: 29201016 | BP34: 29164133 | BQ34: 29164133 | BR34: 29164133 | BS34: 29164133 | BT34: 29164133 | BU34: 29164133 | BV34: 29164133
A35: 9 | B35: Chi phí vật liệu quản lý và đồ dùng VP | C35: Chi phí CCDC, đồ dùng văn phòng | E35: Chi phí CCDC, đồ dùng văn phòng | F35: 92431678 | G35: 7208725 | H35: 7208725 | I35: 8116225 | J35: 6385950 | K35: 6385948 | L35: 5787465 | M35: 19979916 | N35: 7457747 | O35: 6542747 | P35: 7457747 | Q35: 5139634 | R35: 4760849 | S35: 76088800 | T35: 67013800 | U35: 7208725 | V35: 7208725 | W35: 7208725 | X35: 5478450 | Y35: 5478448 | Z35: 5435521 | AA35: 5435532 | AB35: 4787693 | AC35: 4787693 | AD35: 4787693 | AE35: 4787690 | AF35: 4408905 | AG35: PB/CCDC Dự kiến phát sinh mới 1 máy tính 20 tr | AH35: 169684709 | AI35: 15437374 | AJ35: 15357824 | AK35: 16178279 | AL35: 16178279 | AM35: 16693865 | AN35: 14744870 | AO35: 14744870 | AP35: 14744870 | AQ35: 14744825 | AR35: 12091003 | AS35: 11855193 | AT35: 6913457 | AV35: 58169236 | AW35: 5615260 | AX35: 5615247 | AY35: 5615247 | AZ35: 5615247 | BA35: 4495802 | BB35: 4458919 | BC35: 4458919 | BD35: 4458919 | BE35: 4458919 | BF35: 4458919 | BG35: 4458919 | BH35: 4458919 | BJ35: 58169236 | BK35: 5615260 | BL35: 5615247 | BM35: 5615247 | BN35: 5615247 | BO35: 4495802 | BP35: 4458919 | BQ35: 4458919 | BR35: 4458919 | BS35: 4458919 | BT35: 4458919 | BU35: 4458919 | BV35: 4458919
A36: 10 | B36: Chi phí vật liệu quản lý và đồ dùng VP | C36: Chi phí sửa chữa, nâng cấp VP, sửa chữa nhỏ | E36: Chi phí sửa chữa, nâng cấp VP, sửa chữa nhỏ | F36: 0 | G36: 0 | H36: 0 | I36: 0 | J36: 0 | K36: 0 | L36: 0 | M36: 0 | N36: 0 | O36: 0 | P36: 0 | Q36: 0 | R36: 0 | S36: 0 | T36: 0 | U36: 0 | V36: 0 | W36: 0 | X36: 0 | Y36: 0 | Z36: 0 | AA36: 0 | AB36: 0 | AC36: 0 | AD36: 0 | AE36: 0 | AF36: 0 | AG36: PB/CCDC | AH36: 948736415 | AI36: 98521837 | AJ36: 98521837 | AK36: 98521837 | AL36: 98521837 | AM36: 98521837 | AN36: 98521837 | AO36: 98521837 | AP36: 98521837 | AQ36: 98521829 | AR36: 53236523 | AS36: 4401681 | AT36: 4401686 | AV36: 0 | BJ36: 0
A37: 11 | B37: Chi phí vật liệu quản lý và đồ dùng VP | C37: Chi phí khấu hao TSCĐ | E37: Chi phí khấu hao TSCĐ | F37: 148362314 | G37: 10757727 | H37: 10757727 | I37: 10757727 | J37: 12132727 | K37: 12132727 | L37: 12132727 | M37: 12132727 | N37: 12132727 | O37: 12132727 | P37: 12132727 | Q37: 12132727 | R37: 19027317 | S37: 129092724 | T37: 129092724 | U37: 10757727 | V37: 10757727 | W37: 10757727 | X37: 10757727 | Y37: 10757727 | Z37: 10757727 | AA37: 10757727 | AB37: 10757727 | AC37: 10757727 | AD37: 10757727 | AE37: 10757727 | AF37: 10757727 | AG37: PB | AH37: 175574583 | AI37: 22258465 | AJ37: 21303515 | AK37: 13345727 | AL37: 13345727 | AM37: 13345727 | AN37: 13345727 | AO37: 13345727 | AP37: 13345727 | AQ37: 13345727 | AR37: 13345727 | AS37: 12689060 | AT37: 12557727 | AV37: 296462568 | AW37: 24705214 | AX37: 24705214 | AY37: 24705214 | AZ37: 24705214 | BA37: 24705214 | BB37: 24705214 | BC37: 24705214 | BD37: 24705214 | BE37: 24705214 | BF37: 24705214 | BG37: 24705214 | BH37: 24705214 | BJ37: 296462568 | BK37: 24705214 | BL37: 24705214 | BM37: 24705214 | BN37: 24705214 | BO37: 24705214 | BP37: 24705214 | BQ37: 24705214 | BR37: 24705214 | BS37: 24705214 | BT37: 24705214 | BU37: 24705214 | BV37: 24705214
A38: 12 | B38: Thuế, phí và lệ phí: | F38: 32679058 | G38: 5924840 | H38: 1135856 | I38: 2077603 | J38: 6363126 | K38: 4241462 | L38: 1172118 | M38: 1236245 | N38: 1417678 | O38: 1384212 | P38: 1712738 | Q38: 1695336 | R38: 4317844 | S38: 0 | T38: 52000000 | U38: 8000000 | V38: 4000000 | W38: 4000000 | X38: 4000000 | Y38: 4000000 | Z38: 4000000 | AA38: 4000000 | AB38: 4000000 | AC38: 4000000 | AD38: 4000000 | AE38: 4000000 | AF38: 4000000 | AH38: 54217214 | AI38: 9681861 | AJ38: 6236012 | AK38: 5056223 | AL38: 7301830 | AM38: 7722474 | AN38: 3861464 | AO38: 1897076 | AP38: 2305928 | AQ38: 1556808 | AR38: 5000378 | AS38: 1913520 | AT38: 1683640 | AV38: 30000000 | AW38: 2500000 | AX38: 2500000 | AY38: 2500000 | AZ38: 2500000 | BA38: 2500000 | BB38: 2500000 | BC38: 2500000 | BD38: 2500000 | BE38: 2500000 | BF38: 2500000 | BG38: 2500000 | BH38: 2500000 | BJ38: 30000000 | BK38: 2500000 | BL38: 2500000 | BM38: 2500000 | BN38: 2500000 | BO38: 2500000 | BP38: 2500000 | BQ38: 2500000 | BR38: 2500000 | BS38: 2500000 | BT38: 2500000 | BU38: 2500000 | BV38: 2500000
B39: Thuế, phí và lệ phí: | C39: Phí giao dịch ngân hàng | E39: Phí giao dịch ngân hàng | F39: 28679058 | G39: 1924840 | H39: 1135856 | I39: 2077603 | J39: 6363126 | K39: 4241462 | L39: 1172118 | M39: 1236245 | N39: 1417678 | O39: 1384212 | P39: 1712738 | Q39: 1695336 | R39: 4317844 | S39: 0 | T39: 48000000 | U39: 4000000 | V39: 4000000 | W39: 4000000 | X39: 4000000 | Y39: 4000000 | Z39: 4000000 | AA39: 4000000 | AB39: 4000000 | AC39: 4000000 | AD39: 4000000 | AE39: 4000000 | AF39: 4000000 | AH39: 50217214 | AI39: 5681861 | AJ39: 6236012 | AK39: 5056223 | AL39: 7301830 | AM39: 7722474 | AN39: 3861464 | AO39: 1897076 | AP39: 2305928 | AQ39: 1556808 | AR39: 5000378 | AS39: 1913520 | AT39: 1683640 | AV39: 30000000 | AW39: 2500000 | AX39: 2500000 | AY39: 2500000 | AZ39: 2500000 | BA39: 2500000 | BB39: 2500000 | BC39: 2500000 | BD39: 2500000 | BE39: 2500000 | BF39: 2500000 | BG39: 2500000 | BH39: 2500000 | BJ39: 30000000 | BK39: 2500000 | BL39: 2500000 | BM39: 2500000 | BN39: 2500000 | BO39: 2500000 | BP39: 2500000 | BQ39: 2500000 | BR39: 2500000 | BS39: 2500000 | BT39: 2500000 | BU39: 2500000 | BV39: 2500000
B40: Thuế, phí và lệ phí: | C40: Thuế môn bài | E40: Thuế môn bài | F40: 4000000 | G40: 4000000 | H40: 0 | I40: 0 | J40: 0 | K40: 0 | L40: 0 | M40: 0 | N40: 0 | O40: 0 | P40: 0 | Q40: 0 | R40: 0 | S40: 0 | T40: 4000000 | U40: 4000000 | V40: 0 | W40: 0 | X40: 0 | Y40: 0 | Z40: 0 | AA40: 0 | AB40: 0 | AC40: 0 | AD40: 0 | AE40: 0 | AF40: 0 | AH40: 4000000 | AI40: 4000000 | AJ40: 0 | AK40: 0 | AL40: 0 | AM40: 0 | AN40: 0 | AO40: 0 | AP40: 0 | AQ40: 0 | AR40: 0 | AS40: 0 | AT40: 0 | AV40: 0 | BJ40: 0
A41: 15 | B41: Văn Phòng Phẩm | E41: Văn Phòng Phẩm | F41: 23206300 | G41: 1917100 | H41: 2006000 | I41: 1386000 | J41: 0 | K41: 2732500 | L41: 2655200 | M41: 2018000 | N41: 2084500 | O41: 1412500 | P41: 1599500 | Q41: 2020000 | R41: 3375000 | S41: 0 | T41: 24000000 | U41: 2000000 | V41: 2000000 | W41: 2000000 | X41: 2000000 | Y41: 2000000 | Z41: 2000000 | AA41: 2000000 | AB41: 2000000 | AC41: 2000000 | AD41: 2000000 | AE41: 2000000 | AF41: 2000000 | AH41: 23352500 | AI41: 1453500 | AJ41: 1150000 | AK41: 1609000 | AL41: 708000 | AM41: 2533000 | AN41: 2325000 | AO41: 3016500 | AP41: 2345500 | AQ41: 2005800 | AR41: 1579500 | AS41: 2135700 | AT41: 2491000 | AV41: 24074076 | AW41: 1851852 | AX41: 1851852 | AY41: 1851852 | AZ41: 1851852 | BA41: 2777778 | BB41: 2777778 | BC41: 1851852 | BD41: 1851852 | BE41: 1851852 | BF41: 1851852 | BG41: 1851852 | BH41: 1851852 | BJ41: 24074076 | BK41: 1851852 | BL41: 1851852 | BM41: 1851852 | BN41: 1851852 | BO41: 2777778 | BP41: 2777778 | BQ41: 1851852 | BR41: 1851852 | BS41: 1851852 | BT41: 1851852 | BU41: 1851852 | BV41: 1851852
A42: 16 | B42: Chuyển Phát Nhanh, photo, công chứng | F42: 50628453 | G42: 958125 | H42: 3084875 | I42: 1720625 | J42: 14887671 | K42: 1453375 | L42: 2798000 | M42: 1293750 | N42: 2967875 | O42: 1434250 | P42: 15996310 | Q42: 2400875 | R42: 1632722 | S42: 0 | T42: 52000000 | U42: 2000000 | V42: 2000000 | W42: 2000000 | X42: 16000000 | Y42: 2000000 | Z42: 2000000 | AA42: 2000000 | AB42: 2000000 | AC42: 2000000 | AD42: 16000000 | AE42: 2000000 | AF42: 2000000 | AH42: 51945634 | AI42: 0 | AJ42: 1589375 | AK42: 4479875 | AL42: 15058148 | AM42: 941125 | AN42: 2585375 | AO42: 1887750 | AP42: 3161875 | AQ42: 2769125 | AR42: 16986986 | AS42: 1380500 | AT42: 1105500 | AV42: 56000000 | AW42: 1500000 | AX42: 3000000 | AY42: 3700000 | AZ42: 15800000 | BA42: 1500000 | BB42: 3500000 | BC42: 1300000 | BD42: 3000000 | BE42: 1500000 | BF42: 16200000 | BG42: 2000000 | BH42: 3000000 | BJ42: 56000000 | BK42: 1500000 | BL42: 3000000 | BM42: 3700000 | BN42: 15800000 | BO42: 1500000 | BP42: 3500000 | BQ42: 1300000 | BR42: 3000000 | BS42: 1500000 | BT42: 16200000 | BU42: 2000000 | BV42: 3000000
B43: Chuyển Phát Nhanh, photo, công chứng | C43: Chuyển Phát Nhanh | E43: Chuyển Phát Nhanh | F43: 21171972 | G43: 958125 | H43: 3084875 | I43: 1720625 | J43: 1208875 | K43: 1453375 | L43: 1423000 | M43: 1293750 | N43: 2967875 | O43: 1434250 | P43: 1593625 | Q43: 2400875 | R43: 1632722 | S43: 0 | T43: 24000000 | U43: 2000000 | V43: 2000000 | W43: 2000000 | X43: 2000000 | Y43: 2000000 | Z43: 2000000 | AA43: 2000000 | AB43: 2000000 | AC43: 2000000 | AD43: 2000000 | AE43: 2000000 | AF43: 2000000 | AH43: 23526375 | AI43: 0 | AJ43: 1589375 | AK43: 4479875 | AL43: 1630000 | AM43: 941125 | AN43: 2585375 | AO43: 1887750 | AP43: 3161875 | AQ43: 2769125 | AR43: 1995875 | AS43: 1380500 | AT43: 1105500 | AV43: 23000000 | AW43: 1500000 | AX43: 3000000 | AY43: 1700000 | AZ43: 1300000 | BA43: 1500000 | BB43: 1500000 | BC43: 1300000 | BD43: 3000000 | BE43: 1500000 | BF43: 1700000 | BG43: 2000000 | BH43: 3000000 | BJ43: 23000000 | BK43: 1500000 | BL43: 3000000 | BM43: 1700000 | BN43: 1300000 | BO43: 1500000 | BP43: 1500000 | BQ43: 1300000 | BR43: 3000000 | BS43: 1500000 | BT43: 1700000 | BU43: 2000000 | BV43: 3000000
B44: Chuyển Phát Nhanh, photo, công chứng | C44: Thuê máy photo/ photo/in ấn | E44: Thuê máy photo/ photo/in ấn | F44: 29456481 | G44: 0 | H44: 0 | I44: 0 | J44: 13678796 | K44: 0 | L44: 1375000 | M44: 0 | N44: 0 | O44: 0 | P44: 14402685 | Q44: 0 | R44: 0 | S44: 0 | T44: 28000000 | U44: 0 | V44: 0 | W44: 0 | X44: 14000000 | Y44: 0 | Z44: 0 | AA44: 0 | AB44: 0 | AC44: 0 | AD44: 14000000 | AE44: 0 | AF44: 0 | AH44: 28419259 | AI44: 0 | AJ44: 0 | AK44: 0 | AL44: 13428148 | AM44: 0 | AN44: 0 | AO44: 0 | AP44: 0 | AQ44: 0 | AR44: 14991111 | AS44: 0 | AT44: 0 | AV44: 33000000 | AW44: 0 | AX44: 0 | AY44: 2000000 | AZ44: 14500000 | BA44: 0 | BB44: 2000000 | BC44: 0 | BD44: 0 | BE44: 0 | BF44: 14500000 | BG44: 0 | BH44: 0 | BJ44: 33000000 | BK44: 0 | BL44: 0 | BM44: 2000000 | BN44: 14500000 | BO44: 0 | BP44: 2000000 | BQ44: 0 | BR44: 0 | BS44: 0 | BT44: 14500000 | BU44: 0 | BV44: 0
A45: 25 | B45: Thuê cây văn phòng | E45: Thuê cây văn phòng | F45: 37080000 | G45: 3090000 | H45: 3090000 | I45: 3090000 | J45: 3090000 | K45: 3090000 | L45: 3090000 | M45: 3090000 | N45: 3090000 | O45: 3090000 | P45: 3090000 | Q45: 3090000 | R45: 3090000 | S45: 0 | T45: 37080000 | U45: 3090000 | V45: 3090000 | W45: 3090000 | X45: 3090000 | Y45: 3090000 | Z45: 3090000 | AA45: 3090000 | AB45: 3090000 | AC45: 3090000 | AD45: 3090000 | AE45: 3090000 | AF45: 3090000 | AH45: 37080000 | AI45: 0 | AJ45: 6180000 | AK45: 3090000 | AL45: 3090000 | AM45: 3090000 | AN45: 3090000 | AO45: 3090000 | AP45: 3090000 | AQ45: 3090000 | AR45: 3090000 | AS45: 3090000 | AT45: 3090000 | AV45: 38400000 | AW45: 3200000 | AX45: 3200000 | AY45: 3200000 | AZ45: 3200000 | BA45: 3200000 | BB45: 3200000 | BC45: 3200000 | BD45: 3200000 | BE45: 3200000 | BF45: 3200000 | BG45: 3200000 | BH45: 3200000 | BJ45: 38400000 | BK45: 3200000 | BL45: 3200000 | BM45: 3200000 | BN45: 3200000 | BO45: 3200000 | BP45: 3200000 | BQ45: 3200000 | BR45: 3200000 | BS45: 3200000 | BT45: 3200000 | BU45: 3200000 | BV45: 3200000
A46: 14 | B46: Điện thoại | E46: Điện thoại | F46: 1802450 | G46: 143375 | H46: 220800 | I46: 130444 | J46: 140374 | K46: 151029 | L46: 150029 | M46: 127206 | N46: 178452 | O46: 151007 | P46: 141432 | Q46: 138253 | R46: 130049 | S46: 0 | T46: 2222222.2 | U46: 185185.19 | V46: 185185.19 | W46: 185185.19 | X46: 185185.19 | Y46: 185185.19 | Z46: 185185.19 | AA46: 185185.19 | AB46: 185185.19 | AC46: 185185.19 | AD46: 185185.19 | AE46: 185185.19 | AF46: 185185.19 | AH46: 2148466 | AI46: 135961 | AJ46: 193626 | AK46: 166985 | AL46: 412675 | AM46: 0 | AN46: 205217 | AO46: 148805 | AP46: 215551 | AQ46: 160716 | AR46: 190084 | AS46: 172209 | AT46: 146637 | AV46: 2160000 | AW46: 180000 | AX46: 180000 | AY46: 180000 | AZ46: 180000 | BA46: 180000 | BB46: 180000 | BC46: 180000 | BD46: 180000 | BE46: 180000 | BF46: 180000 | BG46: 180000 | BH46: 180000 | BJ46: 2160000 | BK46: 180000 | BL46: 180000 | BM46: 180000 | BN46: 180000 | BO46: 180000 | BP46: 180000 | BQ46: 180000 | BR46: 180000 | BS46: 180000 | BT46: 180000 | BU46: 180000 | BV46: 180000
A47: 17 | B47: Chi phí máy chủ, phần mềm,email, cáp quang… | F47: 120948321 | G47: 10410718 | H47: 11578570 | I47: 14383819 | J47: 6883594 | K47: 7833594 | L47: 7500737 | M47: 6960737 | N47: 6960737 | O47: 17500737 | P47: 11160737 | Q47: 9216237 | R47: 10558104 | S47: 113758580 | T47: 1.7454323e+08 | U47: 10410718 | V47: 11578570 | W47: 10795819 | X47: 12612761 | Y47: 15744761 | Z47: 18932034 | AA47: 15744761 | AB47: 15744761 | AC47: 15744761 | AD47: 15744761 | AE47: 15744761 | AF47: 15744761 | AH47: 133948425 | AI47: 14348204 | AJ47: 9079568 | AK47: 20004318 | AL47: 9844318 | AM47: 9844318 | AN47: 12498191 | AO47: 9850918 | AP47: 11200918 | AQ47: 9850918 | AR47: 9850918 | AS47: 8787918 | AT47: 8787918 | AV47: 147756013 | AW47: 10558104 | AX47: 13205377 | AY47: 13033104 | AZ47: 20056181 | BA47: 14002981 | BB47: 10273181 | BC47: 10056181 | BD47: 10056181 | BE47: 20596181 | BF47: 8639514 | BG47: 8639514 | BH47: 8639514 | BJ47: 147756013 | BK47: 10558104 | BL47: 13205377 | BM47: 13033104 | BN47: 20056181 | BO47: 14002981 | BP47: 10273181 | BQ47: 10056181 | BR47: 10056181 | BS47: 20596181 | BT47: 8639514 | BU47: 8639514 | BV47: 8639514
B48: Chi phí máy chủ, phần mềm,email, cáp quang… | C48: Chi phí máy chủ, phần mềm,email, cáp quang… | F48: 118301048 | G48: 10410718 | H48: 8931297 | I48: 14383819 | J48: 6883594 | K48: 7833594 | L48: 7500737 | M48: 6960737 | N48: 6960737 | O48: 17500737 | P48: 11160737 | Q48: 9216237 | R48: 10558104 | S48: 113758580 | T48: 169248683 | U48: 10410718 | V48: 8931297 | W48: 10795819 | X48: 12612761 | Y48: 15744761 | Z48: 16284761 | AA48: 15744761 | AB48: 15744761 | AC48: 15744761 | AD48: 15744761 | AE48: 15744761 | AF48: 15744761 | AH48: 128657516 | AI48: 11704568 | AJ48: 9079568 | AK48: 20004318 | AL48: 9844318 | AM48: 9844318 | AN48: 9850918 | AO48: 9850918 | AP48: 11200918 | AQ48: 9850918 | AR48: 9850918 | AS48: 8787918 | AT48: 8787918 | AV48: 145108740 | AW48: 10558104 | AX48: 10558104 | AY48: 13033104 | AZ48: 20056181 | BA48: 14002981 | BB48: 10273181 | BC48: 10056181 | BD48: 10056181 | BE48: 20596181 | BF48: 8639514 | BG48: 8639514 | BH48: 8639514 | BJ48: 145108740 | BK48: 10558104 | BL48: 10558104 | BM48: 13033104 | BN48: 20056181 | BO48: 14002981 | BP48: 10273181 | BQ48: 10056181 | BR48: 10056181 | BS48: 20596181 | BT48: 8639514 | BU48: 8639514 | BV48: 8639514
B49: Chi phí máy chủ, phần mềm,email, cáp quang… | D49: Thuê máy chủ VPS&Chứng chỉ số SSL cho website: och.vn | E49: Thuê máy chủ VPS&Chứng chỉ số SSL cho website: och.vn | F49: 5445600 | G49: 453800 | H49: 453800 | I49: 453800 | J49: 453800 | K49: 453800 | L49: 453800 | M49: 453800 | N49: 453800 | O49: 453800 | P49: 453800 | Q49: 453800 | R49: 453800 | S49: 5445600 | T49: 5445600 | U49: 453800 | V49: 453800 | W49: 453800 | X49: 453800 | Y49: 453800 | Z49: 453800 | AA49: 453800 | AB49: 453800 | AC49: 453800 | AD49: 453800 | AE49: 453800 | AF49: 453800 | AG49: PB | AH49: 5412600 | AI49: 447200 | AJ49: 447200 | AK49: 447200 | AL49: 447200 | AM49: 447200 | AN49: 453800 | AO49: 453800 | AP49: 453800 | AQ49: 453800 | AR49: 453800 | AS49: 453800 | AT49: 453800 | AV49: 5445600 | AW49: 453800 | AX49: 453800 | AY49: 453800 | AZ49: 453800 | BA49: 453800 | BB49: 453800 | BC49: 453800 | BD49: 453800 | BE49: 453800 | BF49: 453800 | BG49: 453800 | BH49: 453800 | BJ49: 5445600 | BK49: 453800 | BL49: 453800 | BM49: 453800 | BN49: 453800 | BO49: 453800 | BP49: 453800 | BQ49: 453800 | BR49: 453800 | BS49: 453800 | BT49: 453800 | BU49: 453800 | BV49: 453800
B50: Chi phí máy chủ, phần mềm,email, cáp quang… | D50: Bảo trì phần mềm Bravo 7.0 | E50: Bảo trì phần mềm Bravo 7.0 | F50: 12330000 | G50: 1027500 | H50: 1027500 | I50: 1027500 | J50: 1027500 | K50: 1027500 | L50: 1027500 | M50: 1027500 | N50: 1027500 | O50: 1027500 | P50: 1027500 | Q50: 1027500 | R50: 1027500 | S50: 12330000 | T50: 12330000 | U50: 1027500 | V50: 1027500 | W50: 1027500 | X50: 1027500 | Y50: 1027500 | Z50: 1027500 | AA50: 1027500 | AB50: 1027500 | AC50: 1027500 | AD50: 1027500 | AE50: 1027500 | AF50: 1027500 | AG50: PB | AH50: 12455000 | AI50: 1152500 | AJ50: 1027500 | AK50: 1027500 | AL50: 1027500 | AM50: 1027500 | AN50: 1027500 | AO50: 1027500 | AP50: 1027500 | AQ50: 1027500 | AR50: 1027500 | AS50: 1027500 | AT50: 1027500 | AV50: 22330000 | AW50: 1027500 | AX50: 1027500 | AY50: 1027500 | AZ50: 11027500 | BA50: 1027500 | BB50: 1027500 | BC50: 1027500 | BD50: 1027500 | BE50: 1027500 | BF50: 1027500 | BG50: 1027500 | BH50: 1027500 | BJ50: 22330000 | BK50: 1027500 | BL50: 1027500 | BM50: 1027500 | BN50: 11027500 | BO50: 1027500 | BP50: 1027500 | BQ50: 1027500 | BR50: 1027500 | BS50: 1027500 | BT50: 1027500 | BU50: 1027500 | BV50: 1027500
B51: Chi phí máy chủ, phần mềm,email, cáp quang… | D51: Bản quyền phần mềm Kaspersky | E51: Bản quyền phần mềm Kaspersky | F51: 2924500 | G51: 224750 | H51: 224750 | I51: 2475000 | J51: 0 | K51: 0 | L51: 0 | M51: 0 | N51: 0 | O51: 0 | P51: 0 | Q51: 0 | R51: 0 | S51: 449500 | T51: 2924500 | U51: 224750 | V51: 224750 | W51: 2475000 | X51: 0 | Y51: 0 | Z51: 0 | AA51: 0 | AB51: 0 | AC51: 0 | AD51: 0 | AE51: 0 | AF51: 0 | AG51: PB | AH51: 2247500 | AI51: 0 | AJ51: 0 | AK51: 224750 | AL51: 224750 | AM51: 224750 | AN51: 224750 | AO51: 224750 | AP51: 224750 | AQ51: 224750 | AR51: 224750 | AS51: 224750 | AT51: 224750 | AV51: 2475000 | AY51: 2475000 | BJ51: 2475000 | BM51: 2475000
B52: Chi phí máy chủ, phần mềm,email, cáp quang… | D52: Phần mềm Base Office | E52: Phần mềm Base Office (không tái kí từ 3/2025) | F52: 11106199 | G52: 2324868 | H52: 2324876 | I52: 1939148 | J52: 501923 | K52: 501923 | L52: 501923 | M52: 501923 | N52: 501923 | O52: 501923 | P52: 501923 | Q52: 501923 | R52: 501923 | S52: 33030199 | T52: 36162199 | U52: 2324868 | V52: 2324876 | W52: 1939148 | X52: 501923 | Y52: 3633923 | Z52: 3633923 | AA52: 3633923 | AB52: 3633923 | AC52: 3633923 | AD52: 3633923 | AE52: 3633923 | AF52: 3633923 | AG52: PB | AH52: 27898416 | AI52: 2324868 | AJ52: 2324868 | AK52: 2324868 | AL52: 2324868 | AM52: 2324868 | AN52: 2324868 | AO52: 2324868 | AP52: 2324868 | AQ52: 2324868 | AR52: 2324868 | AS52: 2324868 | AT52: 2324868 | AV52: 1505769 | AW52: 501923 | AX52: 501923 | AY52: 501923 | AZ52: 0 | BA52: 0 | BB52: 0 | BC52: 0 | BD52: 0 | BE52: 0 | BF52: 0 | BG52: 0 | BH52: 0 | BJ52: 1505769 | BK52: 501923 | BL52: 501923 | BM52: 501923 | BN52: 0 | BO52: 0 | BP52: 0 | BQ52: 0 | BR52: 0 | BS52: 0 | BT52: 0 | BU52: 0 | BV52: 0
B53: Chi phí máy chủ, phần mềm,email, cáp quang… | D53: email có tên miền och.vn | E53: email có tên miền och.vn | F53: 43595000 | G53: 3257000 | H53: 3257000 | I53: 3257000 | J53: 3257000 | K53: 3257000 | L53: 3257000 | M53: 3257000 | N53: 3257000 | O53: 3257000 | P53: 3257000 | Q53: 5512500 | R53: 5512500 | S53: 39084000 | T53: 39084000 | U53: 3257000 | V53: 3257000 | W53: 3257000 | X53: 3257000 | Y53: 3257000 | Z53: 3257000 | AA53: 3257000 | AB53: 3257000 | AC53: 3257000 | AD53: 3257000 | AE53: 3257000 | AF53: 3257000 | AG53: PB | AH53: 49714000 | AI53: 4320000 | AJ53: 4320000 | AK53: 4320000 | AL53: 4320000 | AM53: 4320000 | AN53: 4320000 | AO53: 4320000 | AP53: 4320000 | AQ53: 4320000 | AR53: 4320000 | AS53: 3257000 | AT53: 3257000 | AV53: 66150000 | AW53: 5512500 | AX53: 5512500 | AY53: 5512500 | AZ53: 5512500 | BA53: 5512500 | BB53: 5512500 | BC53: 5512500 | BD53: 5512500 | BE53: 5512500 | BF53: 5512500 | BG53: 5512500 | BH53: 5512500 | BJ53: 66150000 | BK53: 5512500 | BL53: 5512500 | BM53: 5512500 | BN53: 5512500 | BO53: 5512500 | BP53: 5512500 | BQ53: 5512500 | BR53: 5512500 | BS53: 5512500 | BT53: 5512500 | BU53: 5512500 | BV53: 5512500
B54: Chi phí máy chủ, phần mềm,email, cáp quang… | D54: Đường truyền cấp quang | E54: Đường truyền cấp quang | F54: 19834282 | G54: 1500000 | H54: 1568571 | I54: 1568571 | J54: 1568571 | K54: 1568571 | L54: 2185714 | M54: 1645714 | N54: 1645714 | O54: 1645714 | P54: 1645714 | Q54: 1645714 | R54: 1645714 | S54: 19294281 | T54: 19294281 | U54: 1500000 | V54: 1568571 | W54: 1568571 | X54: 1568571 | Y54: 1568571 | Z54: 2108571 | AA54: 1568571 | AB54: 1568571 | AC54: 1568571 | AD54: 1568571 | AE54: 1568571 | AF54: 1568571 | AG54: PB | AH54: 16920000 | AI54: 960000 | AJ54: 960000 | AK54: 1500000 | AL54: 1500000 | AM54: 1500000 | AN54: 1500000 | AO54: 1500000 | AP54: 1500000 | AQ54: 1500000 | AR54: 1500000 | AS54: 1500000 | AT54: 1500000 | AV54: 19748568 | AW54: 1645714 | AX54: 1645714 | AY54: 1645714 | AZ54: 1645714 | BA54: 1645714 | BB54: 1645714 | BC54: 1645714 | BD54: 1645714 | BE54: 1645714 | BF54: 1645714 | BG54: 1645714 | BH54: 1645714 | BJ54: 19748568 | BK54: 1645714 | BL54: 1645714 | BM54: 1645714 | BN54: 1645714 | BO54: 1645714 | BP54: 1645714 | BQ54: 1645714 | BR54: 1645714 | BS54: 1645714 | BT54: 1645714 | BU54: 1645714 | BV54: 1645714
B55: Chi phí máy chủ, phần mềm,email, cáp quang… | D55: dịch vụ SpeedMaint cloud (ngưng dùng từ 2024) | E55: dịch vụ SpeedMaint cloud (ngưng dùng từ 2024) | F55: 0 | G55: 0 | H55: 0 | I55: 0 | J55: 0 | K55: 0 | L55: 0 | M55: 0 | N55: 0 | O55: 0 | P55: 0 | Q55: 0 | R55: 0 | S55: 0 | T55: 0 | U55: 0 | V55: 0 | W55: 0 | X55: 0 | Y55: 0 | Z55: 0 | AA55: 0 | AB55: 0 | AC55: 0 | AD55: 0 | AE55: 0 | AF55: 0 | AG55: PB | AH55: 2500000 | AI55: 2500000 | AJ55: 0 | AK55: 0 | AL55: 0 | AM55: 0 | AN55: 0 | AO55: 0 | AP55: 0 | AQ55: 0 | AR55: 0 | AS55: 0 | AT55: 0 | AV55: 0 | BJ55: 0
B56: Chi phí máy chủ, phần mềm,email, cáp quang… | D56: business hosting - business 2: onecapitalconsumer.vn | E56: business hosting - business 2: onecapitalconsumer.vn | F56: 822800 | G56: 74800 | H56: 74800 | I56: 74800 | J56: 74800 | K56: 74800 | L56: 74800 | M56: 74800 | N56: 74800 | O56: 74800 | P56: 74800 | Q56: 74800 | R56: 0 | S56: 2062500 | T56: 897600 | U56: 74800 | V56: 74800 | W56: 74800 | X56: 74800 | Y56: 74800 | Z56: 74800 | AA56: 74800 | AB56: 74800 | AC56: 74800 | AD56: 74800 | AE56: 74800 | AF56: 74800 | AG56: PB | AH56: 0 | AV56: 0 | BJ56: 0
B57: Chi phí máy chủ, phần mềm,email, cáp quang… | D57: Nâng cấp phần mềm kế toán | E57: Nâng cấp phần mềm kế toán | F57: 0 | G57: 0 | H57: 0 | I57: 0 | J57: 0 | K57: 0 | L57: 0 | M57: 0 | N57: 0 | O57: 0 | P57: 0 | Q57: 0 | R57: 0 | S57: 0 | T57: 33000003 | U57: 0 | V57: 0 | W57: 0 | X57: 3666667 | Y57: 3666667 | Z57: 3666667 | AA57: 3666667 | AB57: 3666667 | AC57: 3666667 | AD57: 3666667 | AE57: 3666667 | AF57: 3666667 | AG57: PB | AH57: 0 | AV57: 0 | BJ57: 0
B58: Chi phí máy chủ, phần mềm,email, cáp quang… | D58: Chi phí duy trì tên miền och.vn | E58: Chi phí duy trì tên miền och.vn | F58: 0 | T58: 0 | AG58: Đã gia hạn từ 6/8/24-6/8/27 nên không phát sinh năm 2025, PB | AH58: 1350000 | AI58: 0 | AJ58: 0 | AK58: 0 | AL58: 0 | AM58: 0 | AN58: 0 | AO58: 0 | AP58: 1350000 | AQ58: 0 | AR58: 0 | AS58: 0 | AT58: 0 | AV58: 0 | BJ58: 0
B59: Chi phí máy chủ, phần mềm,email, cáp quang… | D59: Chi phí liên quan đến website och (nâng cấp, thiết kế lại) | E59: Chi phí liên quan đến website och (nâng cấp, xây mới) | F59: 0 | S59: 2062500 | T59: 18562500 | U59: 0 | V59: 0 | W59: 0 | X59: 2062500 | Y59: 2062500 | Z59: 2062500 | AA59: 2062500 | AB59: 2062500 | AC59: 2062500 | AD59: 2062500 | AE59: 2062500 | AF59: 2062500 | AG59: Dự kiến làm mới website och tháng 4/25 giá 49.5 triệu, PB | AH59: 10160000 | AI59: 0 | AJ59: 0 | AK59: 10160000 | AL59: 0 | AM59: 0 | AN59: 0 | AO59: 0 | AP59: 0 | AQ59: 0 | AR59: 0 | AS59: 0 | AT59: 0 | AV59: 0 | BJ59: 0
B60: Chi phí máy chủ, phần mềm,email, cáp quang… | D60: Chi phí CNTT khác | E60: Chi phí CNTT khác | F60: 22242667 | G60: 1548000 | H60: 0 | I60: 3588000 | J60: 0 | K60: 950000 | L60: 0 | M60: 0 | N60: 0 | O60: 10540000 | P60: 4200000 | Q60: 0 | R60: 1416667 | S60: 0 | T60: 1548000 | U60: 1548000 | AH60: 0 | AV60: 27453803 | AW60: 1416667 | AX60: 1416667 | AY60: 1416667 | AZ60: 1416667 | BA60: 5363467 | BB60: 1633667 | BC60: 1416667 | BD60: 1416667 | BE60: 11956667 | BJ60: 27453803 | BK60: 1416667 | BL60: 1416667 | BM60: 1416667 | BN60: 1416667 | BO60: 5363467 | BP60: 1633667 | BQ60: 1416667 | BR60: 1416667 | BS60: 11956667
B61: Chi phí máy chủ, phần mềm,email, cáp quang… | C61: Chữ ký số Efly-BHXH, VNPT | E61: Chữ ký số Efly-BHXH, VNPT | F61: 2647273 | G61: 0 | H61: 2647273 | I61: 0 | J61: 0 | K61: 0 | L61: 0 | M61: 0 | N61: 0 | O61: 0 | P61: 0 | Q61: 0 | R61: 0 | S61: 0 | T61: 5294545.7 | U61: 0 | V61: 2647273 | W61: 0 | X61: 0 | Y61: 0 | Z61: 2647272.7 | AA61: 0 | AB61: 0 | AC61: 0 | AD61: 0 | AE61: 0 | AF61: 0 | AH61: 5290909 | AI61: 2643636 | AJ61: 0 | AK61: 0 | AL61: 0 | AM61: 0 | AN61: 2647273 | AO61: 0 | AP61: 0 | AQ61: 0 | AR61: 0 | AS61: 0 | AT61: 0 | AV61: 2647273 | AX61: 2647273 | BJ61: 2647273 | BL61: 2647273
B62: CP điện, nước | F62: 64167381 | G62: 4367199 | H62: 5562657 | I62: 4798276 | J62: 4923781 | K62: 5588935 | L62: 6471287 | M62: 5763095 | N62: 5627689 | O62: 5262184 | P62: 5074579 | Q62: 5488157 | R62: 5239542 | S62: 0 | T62: 62018519 | U62: 5092592.6 | V62: 5092592.6 | W62: 5092592.6 | X62: 5092592.6 | Y62: 5092592.6 | Z62: 5092592.6 | AA62: 5092592.6 | AB62: 5092592.6 | AC62: 5092592.6 | AD62: 5092592.6 | AE62: 5092592.6 | AF62: 6000000 | AH62: 60986996 | AI62: 4923862 | AJ62: 4175365 | AK62: 4664711 | AL62: 5267921 | AM62: 4676491 | AN62: 5468174 | AO62: 5271360 | AP62: 5356268 | AQ62: 5279700 | AR62: 5019182 | AS62: 5574386 | AT62: 5309576 | AV62: 67980000 | AW62: 5540000 | AX62: 5540000 | AY62: 5540000 | AZ62: 5540000 | BA62: 5540000 | BB62: 6040000 | BC62: 6040000 | BD62: 6040000 | BE62: 5540000 | BF62: 5540000 | BG62: 5540000 | BH62: 5540000 | BJ62: 67980000 | BK62: 5540000 | BL62: 5540000 | BM62: 5540000 | BN62: 5540000 | BO62: 5540000 | BP62: 6040000 | BQ62: 6040000 | BR62: 6040000 | BS62: 5540000 | BT62: 5540000 | BU62: 5540000 | BV62: 5540000
A63: 18 | B63: CP điện, nước | C63: Chi phí điện, điều hòa | E63: Chi phí điện, điều hòa | F63: 63720781 | G63: 4367199 | H63: 5530757 | I63: 4734476 | J63: 4891881 | K63: 5557035 | L63: 6439387 | M63: 5699295 | N63: 5595789 | O63: 5230284 | P63: 5042679 | Q63: 5424357 | R63: 5207642 | S63: 0 | T63: 62018519 | U63: 5092592.6 | V63: 5092592.6 | W63: 5092592.6 | X63: 5092592.6 | Y63: 5092592.6 | Z63: 5092592.6 | AA63: 5092592.6 | AB63: 5092592.6 | AC63: 5092592.6 | AD63: 5092592.6 | AE63: 5092592.6 | AF63: 6000000 | AH63: 60763696 | AI63: 4923862 | AJ63: 4143465 | AK63: 4664711 | AL63: 5236021 | AM63: 4676491 | AN63: 5436274 | AO63: 5271360 | AP63: 5324368 | AQ63: 5247800 | AR63: 5019182 | AS63: 5542486 | AT63: 5277676 | AV63: 67500000 | AW63: 5500000 | AX63: 5500000 | AY63: 5500000 | AZ63: 5500000 | BA63: 5500000 | BB63: 6000000 | BC63: 6000000 | BD63: 6000000 | BE63: 5500000 | BF63: 5500000 | BG63: 5500000 | BH63: 5500000 | BJ63: 67500000 | BK63: 5500000 | BL63: 5500000 | BM63: 5500000 | BN63: 5500000 | BO63: 5500000 | BP63: 6000000 | BQ63: 6000000 | BR63: 6000000 | BS63: 5500000 | BT63: 5500000 | BU63: 5500000 | BV63: 5500000
A64: 19 | B64: CP điện, nước | C64: Chi phí nước uống VP, nước sinh hoạt | E64: Chi phí nước uống VP, nước sinh hoạt | F64: 446600 | G64: 0 | H64: 31900 | I64: 63800 | J64: 31900 | K64: 31900 | L64: 31900 | M64: 63800 | N64: 31900 | O64: 31900 | P64: 31900 | Q64: 63800 | R64: 31900 | S64: 0 | T64: 0 | U64: 0 | V64: 0 | W64: 0 | X64: 0 | Y64: 0 | Z64: 0 | AA64: 0 | AB64: 0 | AC64: 0 | AD64: 0 | AE64: 0 | AF64: 0 | AH64: 223300 | AI64: 0 | AJ64: 31900 | AK64: 0 | AL64: 31900 | AM64: 0 | AN64: 31900 | AO64: 0 | AP64: 31900 | AQ64: 31900 | AR64: 0 | AS64: 31900 | AT64: 31900 | AV64: 480000 | AW64: 40000 | AX64: 40000 | AY64: 40000 | AZ64: 40000 | BA64: 40000 | BB64: 40000 | BC64: 40000 | BD64: 40000 | BE64: 40000 | BF64: 40000 | BG64: 40000 | BH64: 40000 | BJ64: 480000 | BK64: 40000 | BL64: 40000 | BM64: 40000 | BN64: 40000 | BO64: 40000 | BP64: 40000 | BQ64: 40000 | BR64: 40000 | BS64: 40000 | BT64: 40000 | BU64: 40000 | BV64: 40000
A65: 20 | B65: Chi phí thuê VP, thuê mặt bằng | F65: 2081275560 | G65: 173439630 | H65: 173439630 | I65: 173439630 | J65: 173439630 | K65: 173439630 | L65: 173439630 | M65: 173439630 | N65: 173439630 | O65: 173439630 | P65: 173439630 | Q65: 173439630 | R65: 173439630 | S65: 0 | T65: 2081275560 | U65: 173439630 | V65: 173439630 | W65: 173439630 | X65: 173439630 | Y65: 173439630 | Z65: 173439630 | AA65: 173439630 | AB65: 173439630 | AC65: 173439630 | AD65: 173439630 | AE65: 173439630 | AF65: 173439630 | AH65: 2081275560 | AI65: 173439630 | AJ65: 173439630 | AK65: 173439630 | AL65: 173439630 | AM65: 173439630 | AN65: 173439630 | AO65: 173439630 | AP65: 173439630 | AQ65: 173439630 | AR65: 173439630 | AS65: 173439630 | AT65: 173439630 | AV65: 2081275560 | AW65: 173439630 | AX65: 173439630 | AY65: 173439630 | AZ65: 173439630 | BA65: 173439630 | BB65: 173439630 | BC65: 173439630 | BD65: 173439630 | BE65: 173439630 | BF65: 173439630 | BG65: 173439630 | BH65: 173439630 | BJ65: 2081275560 | BK65: 173439630 | BL65: 173439630 | BM65: 173439630 | BN65: 173439630 | BO65: 173439630 | BP65: 173439630 | BQ65: 173439630 | BR65: 173439630 | BS65: 173439630 | BT65: 173439630 | BU65: 173439630 | BV65: 173439630
B66: Chi phí thuê VP, thuê mặt bằng | C66: Thuê văn phòng | E66: Thuê văn phòng | F66: 1547615160 | G66: 128967930 | H66: 128967930 | I66: 128967930 | J66: 128967930 | K66: 128967930 | L66: 128967930 | M66: 128967930 | N66: 128967930 | O66: 128967930 | P66: 128967930 | Q66: 128967930 | R66: 128967930 | S66: 0 | T66: 1.5476152e+09 | U66: 1.2896793e+08 | V66: 1.2896793e+08 | W66: 1.2896793e+08 | X66: 1.2896793e+08 | Y66: 1.2896793e+08 | Z66: 1.2896793e+08 | AA66: 1.2896793e+08 | AB66: 1.2896793e+08 | AC66: 1.2896793e+08 | AD66: 1.2896793e+08 | AE66: 1.2896793e+08 | AF66: 1.2896793e+08 | AH66: 1547615160 | AI66: 128967930 | AJ66: 128967930 | AK66: 128967930 | AL66: 128967930 | AM66: 128967930 | AN66: 128967930 | AO66: 128967930 | AP66: 128967930 | AQ66: 128967930 | AR66: 128967930 | AS66: 128967930 | AT66: 128967930 | AV66: 1547615160 | AW66: 128967930 | AX66: 128967930 | AY66: 128967930 | AZ66: 128967930 | BA66: 128967930 | BB66: 128967930 | BC66: 128967930 | BD66: 128967930 | BE66: 128967930 | BF66: 128967930 | BG66: 128967930 | BH66: 128967930 | BJ66: 1547615160 | BK66: 128967930 | BL66: 128967930 | BM66: 128967930 | BN66: 128967930 | BO66: 128967930 | BP66: 128967930 | BQ66: 128967930 | BR66: 128967930 | BS66: 128967930 | BT66: 128967930 | BU66: 128967930 | BV66: 128967930
B67: Chi phí thuê VP, thuê mặt bằng | C67: CP dịch vụ văn phòng | E67: CP dịch vụ văn phòng | F67: 533660400 | G67: 44471700 | H67: 44471700 | I67: 44471700 | J67: 44471700 | K67: 44471700 | L67: 44471700 | M67: 44471700 | N67: 44471700 | O67: 44471700 | P67: 44471700 | Q67: 44471700 | R67: 44471700 | S67: 0 | T67: 533660400 | U67: 44471700 | V67: 44471700 | W67: 44471700 | X67: 44471700 | Y67: 44471700 | Z67: 44471700 | AA67: 44471700 | AB67: 44471700 | AC67: 44471700 | AD67: 44471700 | AE67: 44471700 | AF67: 44471700 | AH67: 533660400 | AI67: 44471700 | AJ67: 44471700 | AK67: 44471700 | AL67: 44471700 | AM67: 44471700 | AN67: 44471700 | AO67: 44471700 | AP67: 44471700 | AQ67: 44471700 | AR67: 44471700 | AS67: 44471700 | AT67: 44471700 | AU67: 0 | AV67: 533660400 | AW67: 44471700 | AX67: 44471700 | AY67: 44471700 | AZ67: 44471700 | BA67: 44471700 | BB67: 44471700 | BC67: 44471700 | BD67: 44471700 | BE67: 44471700 | BF67: 44471700 | BG67: 44471700 | BH67: 44471700 | BJ67: 533660400 | BK67: 44471700 | BL67: 44471700 | BM67: 44471700 | BN67: 44471700 | BO67: 44471700 | BP67: 44471700 | BQ67: 44471700 | BR67: 44471700 | BS67: 44471700 | BT67: 44471700 | BU67: 44471700 | BV67: 44471700
A68: 26 | B68: Chi phí khám sức khỏe, bảo hiểm sức khỏe | F68: 109989195 | G68: 0 | H68: 3359200 | I68: -6074170 | J68: 39147700 | K68: 2371200 | L68: -1333935 | M68: 2371200 | N68: 0 | O68: 0 | P68: -3952000 | Q68: 74100000 | R68: 0 | S68: 0 | T68: 1.3914074e+08 | U68: 0 | V68: 0 | W68: 44000000 | X68: 0 | Y68: 0 | Z68: 0 | AA68: 0 | AB68: 0 | AC68: 0 | AD68: 0 | AE68: 95140741 | AF68: 0 | AH68: 130543139 | AI68: 0 | AJ68: 0 | AK68: -4675021 | AL68: 31557200 | AM68: 4860960 | AN68: 0 | AO68: 0 | AP68: 0 | AQ68: 0 | AR68: 0 | AS68: 98800000 | AT68: 0 | AU68: 0 | AV68: 125715000 | AW68: 0 | AX68: 0 | AY68: 40500000 | AZ68: 0 | BA68: 0 | BB68: 0 | BC68: 0 | BD68: 0 | BE68: 0 | BF68: 0 | BG68: 85215000 | BH68: 0 | BJ68: 125715000 | BK68: 0 | BL68: 0 | BM68: 40500000 | BN68: 0 | BO68: 0 | BP68: 0 | BQ68: 0 | BR68: 0 | BS68: 0 | BT68: 0 | BU68: 85215000 | BV68: 0
B69: Chi phí khám sức khỏe, bảo hiểm sức khỏe | C69: Chi phí khám sức khỏe hằng năm cho CBNV | E69: Chi phí khám sức khỏe hằng năm cho CBNV | F69: 42855000 | G69: 0 | H69: 0 | I69: 0 | J69: 42855000 | K69: 0 | L69: 0 | M69: 0 | N69: 0 | O69: 0 | P69: 0 | Q69: 0 | R69: 0 | S69: 0 | T69: 44000000 | U69: 0 | V69: 0 | W69: 44000000 | X69: 0 | Y69: 0 | Z69: 0 | AA69: 0 | AB69: 0 | AC69: 0 | AD69: 0 | AE69: 0 | AF69: 0 | AH69: 33452000 | AI69: 0 | AJ69: 0 | AK69: 0 | AL69: 33452000 | AM69: 0 | AN69: 0 | AO69: 0 | AP69: 0 | AQ69: 0 | AR69: 0 | AS69: 0 | AT69: 0 | AU69: 0 | AV69: 40500000 | AY69: 40500000 | BJ69: 40500000 | BM69: 40500000
B70: Chi phí khám sức khỏe, bảo hiểm sức khỏe | C70: Gói bảo hiểm sức khỏe | E70: Gói bảo hiểm sức khỏe | F70: 67134195 | G70: 0 | H70: 3359200 | I70: -6074170 | J70: -3707300 | K70: 2371200 | L70: -1333935 | M70: 2371200 | N70: 0 | O70: 0 | P70: -3952000 | Q70: 74100000 | R70: 0 | S70: 0 | T70: 95140741 | U70: 0 | V70: 0 | W70: 0 | X70: 0 | Y70: 0 | Z70: 0 | AA70: 0 | AB70: 0 | AC70: 0 | AD70: 0 | AE70: 95140741 | AF70: 0 | AH70: 97091139 | AI70: 0 | AJ70: 0 | AK70: -4675021 | AL70: -1894800 | AM70: 4860960 | AN70: 0 | AO70: 0 | AP70: 0 | AQ70: 0 | AR70: 0 | AS70: 98800000 | AT70: 0 | AU70: 0 | AV70: 85215000 | BG70: 85215000 | BJ70: 85215000 | BU70: 85215000
A71: 27 | B71: Chi phí thuê xe VP,taxi, sửa chữa, bảo hiểm, xăng xe VP | F71: 391030013 | G71: 48790777 | H71: 35362050 | I71: 34242810 | J71: 22652886 | K71: 26357244 | L71: 25353339 | M71: 42437139 | N71: 27204760 | O71: 44836845 | P71: 31732281 | Q71: 24177487 | R71: 27882395 | S71: 18184247 | T71: 541666000 | U71: 51072667 | V71: 46572667 | W71: 44072663 | X71: 44072667 | Y71: 44072667 | Z71: 44866667 | AA71: 46572667 | AB71: 44072667 | AC71: 44072667 | AD71: 44072667 | AE71: 44072667 | AF71: 44072667 | AH71: 527771418 | AI71: 55373768 | AJ71: 43214365 | AK71: 37662311 | AL71: 39389705 | AM71: 39547184 | AN71: 40587649 | AO71: 53519932 | AP71: 48859602 | AQ71: 41433987 | AR71: 36700986 | AS71: 40516641 | AT71: 50965288 | AU71: 0 | AV71: 390734000 | AW71: 33769500 | AX71: 33769500 | AY71: 34269500 | AZ71: 32269500 | BA71: 29769500 | BB71: 33769500 | BC71: 31769500 | BD71: 32769500 | BE71: 29769500 | BF71: 31769500 | BG71: 35269500 | BH71: 31769500 | BJ71: 390734000 | BK71: 33769500 | BL71: 33769500 | BM71: 34269500 | BN71: 32269500 | BO71: 29769500 | BP71: 33769500 | BQ71: 31769500 | BR71: 32769500 | BS71: 29769500 | BT71: 31769500 | BU71: 35269500 | BV71: 31769500
B72: Chi phí thuê xe VP,taxi, sửa chữa, bảo hiểm, xăng xe VP | C72: Chi phí vận hành xe ô tô VP (xăng, rửa xe, bảo dưỡng…) | E72: Chi phí vận hành xe ô tô VP (xăng, rửa xe, gửi xe…) | F72: 163376072 | G72: 27132313 | H72: 20301927 | I72: 21477894 | J72: 8129451 | K72: 10889193 | L72: 8950237 | M72: 9886799 | N72: 12843243 | O72: 12191105 | P72: 10743441 | Q72: 10423735 | R72: 10406734 | S72: 0 | T72: 336000000 | U72: 28000000 | V72: 28000000 | W72: 28000000 | X72: 28000000 | Y72: 28000000 | Z72: 28000000 | AA72: 28000000 | AB72: 28000000 | AC72: 28000000 | AD72: 28000000 | AE72: 28000000 | AF72: 28000000 | AG72: 28 tr/ tháng | AH72: 328250501 | AI72: 27093268 | AJ72: 24414226 | AK72: 25941754 | AL72: 24878806 | AM72: 25401086 | AN72: 25607576 | AO72: 31559377 | AP72: 30410122 | AQ72: 27829304 | AR72: 28627692 | AS72: 26768056 | AT72: 29719234 | AU72: 0 | AV72: 170000000 | AW72: 15000000 | AX72: 14000000 | AY72: 15000000 | AZ72: 14000000 | BA72: 14000000 | BB72: 14000000 | BC72: 14000000 | BD72: 14000000 | BE72: 14000000 | BF72: 14000000 | BG72: 14000000 | BH72: 14000000 | BJ72: 170000000 | BK72: 15000000 | BL72: 14000000 | BM72: 15000000 | BN72: 14000000 | BO72: 14000000 | BP72: 14000000 | BQ72: 14000000 | BR72: 14000000 | BS72: 14000000 | BT72: 14000000 | BU72: 14000000 | BV72: 14000000
A73: 27b | B73: Chi phí thuê xe VP,taxi, sửa chữa, bảo hiểm, xăng xe VP | C73: Bảo hiểm/ đăng kiểm xe ô tô | E73: Bảo hiểm/ đăng kiểm xe ô tô | F73: 27183270 | G73: 1572667 | H73: 1572667 | I73: 1572663 | J73: 2290250 | K73: 1496250 | L73: 1496250 | M73: 3904523 | N73: 1496250 | O73: 1496250 | P73: 1496250 | Q73: 2395750 | R73: 6393500 | S73: 18184247 | T73: 25666000 | U73: 1572667 | V73: 5072667 | W73: 1572663 | X73: 1572667 | Y73: 1572667 | Z73: 2366667 | AA73: 4072667 | AB73: 1572667 | AC73: 1572667 | AD73: 1572667 | AE73: 1572667 | AF73: 1572667 | AG73: PB+ | AH73: 28642483 | AI73: 1648977 | AJ73: 1648977 | AK73: 5156253 | AL73: 3892667 | AM73: 1572667 | AN73: 2366667 | AO73: 3992940 | AP73: 1572667 | AQ73: 1572667 | AR73: 1572667 | AS73: 2072667 | AT73: 1572667 | AU73: 0 | AV73: 28234000 | AW73: 1769500 | AX73: 1769500 | AY73: 5269500 | AZ73: 1769500 | BA73: 1769500 | BB73: 1769500 | BC73: 1769500 | BD73: 1769500 | BE73: 1769500 | BF73: 1769500 | BG73: 5269500 | BH73: 1769500 | BJ73: 28234000 | BK73: 1769500 | BL73: 1769500 | BM73: 5269500 | BN73: 1769500 | BO73: 1769500 | BP73: 1769500 | BQ73: 1769500 | BR73: 1769500 | BS73: 1769500 | BT73: 1769500 | BU73: 5269500 | BV73: 1769500
A74: 27c | B74: Chi phí thuê xe VP,taxi, sửa chữa, bảo hiểm, xăng xe VP | C74: Bảo dưỡng, thay dầu, sửa chữa | E74: Bảo dưỡng, thay dầu, sửa chữa | F74: 63854259 | G74: 8695000 | H74: 0 | I74: 1900000 | J74: 0 | K74: 4480000 | L74: 1600000 | M74: 17285000 | N74: 0 | O74: 22215000 | P74: 7559259 | Q74: 120000 | R74: 0 | S74: 0 | T74: 30000000 | U74: 9000000 | V74: 1000000 | W74: 2000000 | X74: 2000000 | Y74: 2000000 | Z74: 2000000 | AA74: 2000000 | AB74: 2000000 | AC74: 2000000 | AD74: 2000000 | AE74: 2000000 | AF74: 2000000 | AH74: 19812148 | AI74: 6899000 | AJ74: 2875000 | AK74: 0 | AL74: 0 | AM74: 2080000 | AN74: 0 | AO74: 2360000 | AP74: 0 | AQ74: 648148 | AR74: 0 | AS74: 0 | AT74: 4950000 | AV74: 48000000 | AW74: 4000000 | AX74: 4000000 | AY74: 4000000 | AZ74: 4000000 | BA74: 4000000 | BB74: 4000000 | BC74: 4000000 | BD74: 4000000 | BE74: 4000000 | BF74: 4000000 | BG74: 4000000 | BH74: 4000000 | BJ74: 48000000 | BK74: 4000000 | BL74: 4000000 | BM74: 4000000 | BN74: 4000000 | BO74: 4000000 | BP74: 4000000 | BQ74: 4000000 | BR74: 4000000 | BS74: 4000000 | BT74: 4000000 | BU74: 4000000 | BV74: 4000000
A75: 27d | B75: Chi phí thuê xe VP,taxi, sửa chữa, bảo hiểm, xăng xe VP | C75: Chi phí Grab | E75: Chi phí Grab | F75: 136616412 | G75: 11390797 | H75: 13487456 | I75: 9292253 | J75: 12233185 | K75: 9491801 | L75: 13306852 | M75: 11360817 | N75: 12865267 | O75: 8934490 | P75: 11933331 | Q75: 11238002 | R75: 11082161 | S75: 0 | T75: 150000000 | U75: 12500000 | V75: 12500000 | W75: 12500000 | X75: 12500000 | Y75: 12500000 | Z75: 12500000 | AA75: 12500000 | AB75: 12500000 | AC75: 12500000 | AD75: 12500000 | AE75: 12500000 | AF75: 12500000 | AH75: 151066286 | AI75: 19732523 | AJ75: 14276162 | AK75: 6564304 | AL75: 10618232 | AM75: 10493431 | AN75: 12613406 | AO75: 15607615 | AP75: 16876813 | AQ75: 11383868 | AR75: 6500627 | AS75: 11675918 | AT75: 14723387 | AV75: 144500000 | AW75: 13000000 | AX75: 14000000 | AY75: 10000000 | AZ75: 12500000 | BA75: 10000000 | BB75: 14000000 | BC75: 12000000 | BD75: 13000000 | BE75: 10000000 | BF75: 12000000 | BG75: 12000000 | BH75: 12000000 | BJ75: 144500000 | BK75: 13000000 | BL75: 14000000 | BM75: 10000000 | BN75: 12500000 | BO75: 10000000 | BP75: 14000000 | BQ75: 12000000 | BR75: 13000000 | BS75: 10000000 | BT75: 12000000 | BU75: 12000000 | BV75: 12000000
A76: 30 | B76: Chi phí gửi xe | E76: Chi phí gửi xe | F76: 183580000 | G76: 17220000 | H76: 15490000 | I76: 15490000 | J76: 13550000 | K76: 14450000 | L76: 15770000 | M76: 15680000 | N76: 15510000 | O76: 15350000 | P76: 15000000 | Q76: 15000000 | R76: 15070000 | S76: 0 | T76: 204000000 | U76: 17000000 | V76: 17000000 | W76: 17000000 | X76: 17000000 | Y76: 17000000 | Z76: 17000000 | AA76: 17000000 | AB76: 17000000 | AC76: 17000000 | AD76: 17000000 | AE76: 17000000 | AF76: 17000000 | AH76: 230530000 | AI76: 18670000 | AJ76: 20260000 | AK76: 20190000 | AL76: 18530000 | AM76: 18880000 | AN76: 19580000 | AO76: 19650000 | AP76: 19930000 | AQ76: 20070000 | AR76: 19020000 | AS76: 18810000 | AT76: 16940000 | AV76: 186000000 | AW76: 15500000 | AX76: 15500000 | AY76: 15500000 | AZ76: 15500000 | BA76: 15500000 | BB76: 15500000 | BC76: 15500000 | BD76: 15500000 | BE76: 15500000 | BF76: 15500000 | BG76: 15500000 | BH76: 15500000 | BJ76: 186000000 | BK76: 15500000 | BL76: 15500000 | BM76: 15500000 | BN76: 15500000 | BO76: 15500000 | BP76: 15500000 | BQ76: 15500000 | BR76: 15500000 | BS76: 15500000 | BT76: 15500000 | BU76: 15500000 | BV76: 15500000
A77: 28 | B77: Chi phí kiểm toán | E77: Chi phí kiểm toán | F77: 420000000 | G77: 0 | H77: 0 | I77: 0 | J77: 0 | K77: 0 | L77: 210000000 | M77: 0 | N77: 0 | O77: 0 | P77: 0 | Q77: 0 | R77: 210000000 | S77: 0 | T77: 390000000 | U77: 0 | V77: 0 | W77: 0 | X77: 0 | Y77: 0 | Z77: 195000000 | AA77: 0 | AB77: 0 | AC77: 0 | AD77: 0 | AE77: 0 | AF77: 195000000 | AH77: 450000000 | AI77: 0 | AJ77: 0 | AK77: 0 | AL77: 0 | AM77: 75000000 | AN77: 180000000 | AO77: 0 | AP77: 0 | AQ77: 0 | AR77: 0 | AS77: 0 | AT77: 195000000 | AV77: 420000000 | BB77: 210000000 | BC77: 0 | BD77: 0 | BE77: 0 | BF77: 0 | BG77: 0 | BH77: 210000000 | BJ77: 420000000 | BP77: 210000000 | BQ77: 0 | BR77: 0 | BS77: 0 | BT77: 0 | BU77: 0 | BV77: 210000000
A78: 29 | B78: Chi phí vé máy bay công tác, đi lại, tiền phòng đi công tác | E78: Chi phí vé máy bay công tác, đi lại, tiền phòng đi công tác | F78: 68595174 | G78: 0 | H78: 9466704 | I78: 0 | J78: 8183193 | K78: 0 | L78: 13440814 | M78: 21027057 | N78: 0 | O78: 0 | P78: 0 | Q78: 7022629 | R78: 9454777 | S78: 0 | T78: 330000000 | U78: 0 | V78: 10000000 | W78: 32000000 | X78: 32000000 | Y78: 32000000 | Z78: 32000000 | AA78: 32000000 | AB78: 32000000 | AC78: 32000000 | AD78: 32000000 | AE78: 32000000 | AF78: 32000000 | AH78: 287167102 | AI78: 50323519 | AJ78: 0 | AK78: 35281481 | AL78: 24490741 | AM78: 20517852 | AN78: 7994482 | AO78: 49947038 | AP78: 15384815 | AQ78: 14552852 | AR78: 24127852 | AS78: 6758370 | AT78: 37788100 | AV78: 72000000 | AW78: 6000000 | AX78: 6000000 | AY78: 6000000 | AZ78: 6000000 | BA78: 6000000 | BB78: 6000000 | BC78: 6000000 | BD78: 6000000 | BE78: 6000000 | BF78: 6000000 | BG78: 6000000 | BH78: 6000000 | BJ78: 72000000 | BK78: 6000000 | BL78: 6000000 | BM78: 6000000 | BN78: 6000000 | BO78: 6000000 | BP78: 6000000 | BQ78: 6000000 | BR78: 6000000 | BS78: 6000000 | BT78: 6000000 | BU78: 6000000 | BV78: 6000000
A79: 33 | B79: Chi phí tiếp khách, ngoại giao | F79: 1257707246 | G79: 172269401 | H79: 60315430 | I79: 38555170 | J79: 67531241 | K79: 31014445 | L79: 181065535 | M79: 110053166 | N79: 135188037 | O79: 162086775 | P79: 124715070 | Q79: 115437174 | R79: 59475802 | S79: 0 | T79: 1022851852 | U79: 185851852 | V79: 235000000 | W79: 41000000 | X79: 44000000 | Y79: 39000000 | Z79: 94000000 | AA79: 39000000 | AB79: 44000000 | AC79: 79000000 | AD79: 119000000 | AE79: 49000000 | AF79: 54000000 | AH79: 804227801 | AI79: 99171583 | AJ79: 30742259 | AK79: 193122862 | AL79: 23296131 | AM79: 45431543 | AN79: 11213506 | AO79: 75782795 | AP79: 66926239 | AQ79: 72636368 | AR79: 20033562 | AS79: 64960939 | AT79: 100910014 | AV79: 1650000000 | AW79: 72000000 | AX79: 203000000 | AY79: 107000000 | AZ79: 132000000 | BA79: 102000000 | BB79: 152000000 | BC79: 97000000 | BD79: 97000000 | BE79: 142000000 | BF79: 202000000 | BG79: 97000000 | BH79: 247000000 | BJ79: 1650000000 | BK79: 72000000 | BL79: 203000000 | BM79: 107000000 | BN79: 132000000 | BO79: 102000000 | BP79: 152000000 | BQ79: 97000000 | BR79: 97000000 | BS79: 142000000 | BT79: 202000000 | BU79: 97000000 | BV79: 247000000
B80: Chi phí tiếp khách, ngoại giao | C80: Chi phí tiếp khách, ngoại giao BLĐ | E80: Chi phí tiếp khách, ngoại giao BTGĐ- OCH Chi phí tiếp khách, ngoại giao BLĐ- Khác | F80: 378186932 | G80: 169833424 | H80: 23182302 | I80: 12732222 | J80: 47426987 | K80: 10636744 | L80: 32244149 | M80: 6961776 | N80: 28555622 | O80: 22729239 | P80: 27431205 | Q80: 7239239 | R80: 821760 | S80: 0 | T80: 542000000 | U80: 180000000 | V80: 22000000 | W80: 32000000 | X80: 32000000 | Y80: 32000000 | Z80: 37000000 | AA80: 32000000 | AB80: 32000000 | AC80: 37000000 | AD80: 37000000 | AE80: 37000000 | AF80: 32000000 | AH80: 548818441 | AI80: 61527833 | AJ80: 15108314 | AK80: 134544032 | AL80: 23296131 | AM80: 43234240 | AN80: 411750 | AO80: 44906050 | AP80: 27422272 | AQ80: 40991739 | AR80: 7565317 | AS80: 59367111 | AT80: 90443652 | AV80: 410000000 | AW80: 15000000 | AX80: 100000000 | AY80: 25000000 | AZ80: 50000000 | BA80: 20000000 | BB80: 20000000 | BC80: 20000000 | BD80: 20000000 | BE80: 30000000 | BF80: 60000000 | BG80: 20000000 | BH80: 30000000 | BJ80: 410000000 | BK80: 15000000 | BL80: 100000000 | BM80: 25000000 | BN80: 50000000 | BO80: 20000000 | BP80: 20000000 | BQ80: 20000000 | BR80: 20000000 | BS80: 30000000 | BT80: 60000000 | BU80: 20000000 | BV80: 30000000
B81: Chi phí tiếp khách, ngoại giao | E81: Chi phí Hợp đồng KS Dusit | F81: 497314243 | K81: 0 | L81: 107837007 | M81: 67678101 | N81: 68196511 | O81: 43110852 | P81: 67412876 | Q81: 92423496 | R81: 39047663 | AV81: 805000000 | AW81: 35000000 | AX81: 70000000 | AY81: 70000000 | AZ81: 70000000 | BA81: 70000000 | BB81: 70000000 | BC81: 70000000 | BD81: 70000000 | BE81: 70000000 | BF81: 70000000 | BG81: 70000000 | BH81: 70000000 | BJ81: 805000000 | BK81: 35000000 | BL81: 70000000 | BM81: 70000000 | BN81: 70000000 | BO81: 70000000 | BP81: 70000000 | BQ81: 70000000 | BR81: 70000000 | BS81: 70000000 | BT81: 70000000 | BU81: 70000000 | BV81: 70000000
B82: Chi phí tiếp khách, ngoại giao | C82: Chi phí đối ngoại phòng Marcom | E82: Chi phí đối ngoại phòng Marcom | F82: 148022203 | G82: 584125 | H82: 16327528 | I82: 12743024 | J82: 8639254 | K82: 12535701 | L82: 30041829 | M82: 26801246 | N82: 15010604 | O82: 14785628 | P82: 6354499 | Q82: 742939 | R82: 3455826 | S82: 0 | T82: 329000000 | U82: 2000000 | V82: 192000000 | W82: 2000000 | X82: 2000000 | Y82: 2000000 | Z82: 47000000 | AA82: 2000000 | AB82: 2000000 | AC82: 2000000 | AD82: 72000000 | AE82: 2000000 | AF82: 2000000 | AG82: - Ngoại giao ngày báo chí ngày Báo chí CMVN 21/6: 45 triệu -Chi phí mua quà tặng đối tác nhân ngày trung thu (Sở ban ngành, báo chí): 70 triệu - Ngoại giao dịp Tết Nguyên đán 2026 (Sở ban ngành, báo chí...): 190 triệu - Chi phí ngoại giao hàng tháng: 2tr/ tháng, 24tr/năm | AH82: 155189116 | AI82: 37643750 | AJ82: 15633945 | AK82: 49201106 | AL82: 0 | AM82: 2197303 | AN82: 0 | AO82: 17600000 | AP82: 26663276 | AQ82: 234722 | AR82: 3759819 | AS82: 901024 | AT82: 1354171 | AV82: 269000000 | AW82: 2000000 | AX82: 2000000 | AY82: 2000000 | AZ82: 2000000 | BA82: 2000000 | BB82: 52000000 | BC82: 2000000 | BD82: 2000000 | BE82: 2000000 | BF82: 62000000 | BG82: 2000000 | BH82: 137000000 | BJ82: 269000000 | BK82: 2000000 | BL82: 2000000 | BM82: 2000000 | BN82: 2000000 | BO82: 2000000 | BP82: 52000000 | BQ82: 2000000 | BR82: 2000000 | BS82: 2000000 | BT82: 62000000 | BU82: 2000000 | BV82: 137000000
B83: Chi phí tiếp khách, ngoại giao | C83: Chi phí đối ngoại phòng pháp chế | E83: Chi phí đối ngoại phòng pháp chế | F83: 139764740 | G83: 0 | H83: 20805600 | I83: 8799702 | J83: 8530000 | K83: 7842000 | L83: 10011550 | M83: 7963900 | N83: 0 | O83: 40623294 | P83: 11253274 | Q83: 12211500 | R83: 11723920 | S83: 0 | T83: 136000000 | U83: 0 | V83: 21000000 | W83: 5000000 | X83: 10000000 | Y83: 5000000 | Z83: 10000000 | AA83: 5000000 | AB83: 10000000 | AC83: 30000000 | AD83: 10000000 | AE83: 10000000 | AF83: 20000000 | AH83: 86205113 | AI83: 0 | AJ83: 0 | AK83: 6497500 | AL83: 0 | AM83: 0 | AN83: 10801756 | AO83: 13276745 | AP83: 9157358 | AQ83: 23958333 | AR83: 8708426 | AS83: 4692804 | AT83: 9112191 | AV83: 145000000 | AW83: 20000000 | AX83: 20000000 | AY83: 10000000 | AZ83: 10000000 | BA83: 10000000 | BB83: 10000000 | BC83: 5000000 | BD83: 5000000 | BE83: 30000000 | BF83: 10000000 | BG83: 5000000 | BH83: 10000000 | BJ83: 145000000 | BK83: 20000000 | BL83: 20000000 | BM83: 10000000 | BN83: 10000000 | BO83: 10000000 | BP83: 10000000 | BQ83: 5000000 | BR83: 5000000 | BS83: 30000000 | BT83: 10000000 | BU83: 5000000 | BV83: 10000000
B84: Chi phí tiếp khách, ngoại giao | C84: Chi phí đối ngoại HCNS | E84: Chi phí đối ngoại HCNS | F84: 3420102 | G84: 1851852 | H84: 0 | I84: 0 | J84: 0 | K84: 0 | L84: 0 | M84: 0 | N84: 0 | O84: 1568250 | P84: 0 | Q84: 0 | R84: 0 | S84: 0 | T84: 5851852 | U84: 1851852 | V84: 0 | W84: 0 | X84: 0 | Y84: 0 | Z84: 0 | AA84: 0 | AB84: 0 | AC84: 4000000 | AD84: 0 | AE84: 0 | AF84: 0 | AH84: 5192933 | AI84: 0 | AJ84: 0 | AK84: 1509600 | AL84: 0 | AM84: 0 | AN84: 0 | AO84: 0 | AP84: 3683333 | AQ84: 0 | AR84: 0 | AS84: 0 | AT84: 0 | AV84: 3000000 | AX84: 2000000 | BE84: 1000000 | BJ84: 3000000 | BL84: 2000000 | BS84: 1000000
B85: Chi phí tiếp khách, ngoại giao | C85: Chi phí đối ngoại phòng Kế toán | E85: Chi phí đối ngoại phòng Kế toán | F85: 90999026 | G85: 0 | H85: 0 | I85: 4280222 | J85: 2935000 | K85: 0 | L85: 931000 | M85: 648143 | N85: 23425300 | O85: 39269512 | P85: 12263216 | Q85: 2820000 | R85: 4426633 | S85: 0 | T85: 10000000 | U85: 2000000 | V85: 0 | W85: 2000000 | X85: 0 | Y85: 0 | Z85: 0 | AA85: 0 | AB85: 0 | AC85: 6000000 | AD85: 0 | AE85: 0 | AF85: 0 | AH85: 8822198 | AI85: 0 | AJ85: 0 | AK85: 1370624 | AL85: 0 | AM85: 0 | AN85: 0 | AO85: 0 | AP85: 0 | AQ85: 7451574 | AR85: 0 | AS85: 0 | AT85: 0 | AV85: 18000000 | AX85: 9000000 | BE85: 9000000 | BJ85: 18000000 | BL85: 9000000 | BS85: 9000000
B86: Chi phí quà chiều, chi phí hành chính khác | F86: 152000168 | G86: 15952892 | H86: 11280207 | I86: 13846887 | J86: 10746750 | K86: 11407478 | L86: 12970720 | M86: 12088873 | N86: 12033204 | O86: 11050321 | P86: 14637542 | Q86: 12941666 | R86: 13043628 | S86: 0 | T86: 1.7777778e+08 | U86: 14814815 | V86: 14814815 | W86: 14814815 | X86: 14814815 | Y86: 14814815 | Z86: 14814815 | AA86: 14814815 | AB86: 14814815 | AC86: 14814815 | AD86: 14814815 | AE86: 14814815 | AF86: 14814815 | AH86: 149499922 | AI86: 15293914 | AJ86: 8518041 | AK86: 13897822 | AL86: 11195105 | AM86: 10714217 | AN86: 12188107 | AO86: 11233625 | AP86: 12005073 | AQ86: 12556971 | AR86: 11528610 | AS86: 15480158 | AT86: 14888279 | AV86: 168000000 | AW86: 14000000 | AX86: 14000000 | AY86: 14000000 | AZ86: 14000000 | BA86: 14000000 | BB86: 14000000 | BC86: 14000000 | BD86: 14000000 | BE86: 14000000 | BF86: 14000000 | BG86: 14000000 | BH86: 14000000 | BJ86: 168000000 | BK86: 14000000 | BL86: 14000000 | BM86: 14000000 | BN86: 14000000 | BO86: 14000000 | BP86: 14000000 | BQ86: 14000000 | BR86: 14000000 | BS86: 14000000 | BT86: 14000000 | BU86: 14000000 | BV86: 14000000
B87: Chi phí quà chiều, chi phí hành chính khác | C87: Chi phí quà chiều | E87: Chi phí quà chiều | F87: 88808063 | G87: 7395225 | H87: 6794444 | I87: 7789714 | J87: 7817632 | K87: 7650029 | L87: 7557942 | M87: 7648410 | N87: 7436945 | O87: 6846431 | P87: 7286979 | Q87: 6948777 | R87: 7635535 | S87: 0 | T87: 88888889 | U87: 7407407.4 | V87: 7407407.4 | W87: 7407407.4 | X87: 7407407.4 | Y87: 7407407.4 | Z87: 7407407.4 | AA87: 7407407.4 | AB87: 7407407.4 | AC87: 7407407.4 | AD87: 7407407.4 | AE87: 7407407.4 | AF87: 7407407.4 | AH87: 90996567 | AI87: 7450426 | AJ87: 7137597 | AK87: 8046079 | AL87: 7665347 | AM87: 7734628 | AN87: 7633784 | AO87: 8031033 | AP87: 7507179 | AQ87: 7392016 | AR87: 7465610 | AS87: 7423508 | AT87: 7509360 | AV87: 96000000 | AW87: 8000000 | AX87: 8000000 | AY87: 8000000 | AZ87: 8000000 | BA87: 8000000 | BB87: 8000000 | BC87: 8000000 | BD87: 8000000 | BE87: 8000000 | BF87: 8000000 | BG87: 8000000 | BH87: 8000000 | BJ87: 96000000 | BK87: 8000000 | BL87: 8000000 | BM87: 8000000 | BN87: 8000000 | BO87: 8000000 | BP87: 8000000 | BQ87: 8000000 | BR87: 8000000 | BS87: 8000000 | BT87: 8000000 | BU87: 8000000 | BV87: 8000000
B88: Chi phí quà chiều, chi phí hành chính khác | C88: Chi phí Hành chính + Cúng rằm 1/15, mua hoa lễ tân | E88: Chi phí Hành chính + Cúng rằm 1/15, mua hoa lễ tân | F88: 63192105 | G88: 8557667 | H88: 4485763 | I88: 6057173 | J88: 2929118 | K88: 3757449 | L88: 5412778 | M88: 4440463 | N88: 4596259 | O88: 4203890 | P88: 7350563 | Q88: 5992889 | R88: 5408093 | S88: 0 | T88: 88888889 | U88: 7407407.4 | V88: 7407407.4 | W88: 7407407.4 | X88: 7407407.4 | Y88: 7407407.4 | Z88: 7407407.4 | AA88: 7407407.4 | AB88: 7407407.4 | AC88: 7407407.4 | AD88: 7407407.4 | AE88: 7407407.4 | AF88: 7407407.4 | AH88: 58503355 | AI88: 7843488 | AJ88: 1380444 | AK88: 5851743 | AL88: 3529758 | AM88: 2979589 | AN88: 4554323 | AO88: 3202592 | AP88: 4497894 | AQ88: 5164955 | AR88: 4063000 | AS88: 8056650 | AT88: 7378919 | AV88: 72000000 | AW88: 6000000 | AX88: 6000000 | AY88: 6000000 | AZ88: 6000000 | BA88: 6000000 | BB88: 6000000 | BC88: 6000000 | BD88: 6000000 | BE88: 6000000 | BF88: 6000000 | BG88: 6000000 | BH88: 6000000 | BJ88: 72000000 | BK88: 6000000 | BL88: 6000000 | BM88: 6000000 | BN88: 6000000 | BO88: 6000000 | BP88: 6000000 | BQ88: 6000000 | BR88: 6000000 | BS88: 6000000 | BT88: 6000000 | BU88: 6000000 | BV88: 6000000
A89: 39 | B89: Chi phí tổ chức ĐHĐCĐ, BCTN và các CP liên quan | F89: 140221485 | G89: 0 | H89: 40000000 | I89: 0 | J89: 13200000 | K89: 10500000 | L89: 66551312 | M89: 9970173 | N89: 0 | O89: 0 | P89: 0 | Q89: 0 | R89: 0 | S89: 0 | T89: 143500000 | U89: 0 | V89: 40000000 | W89: 0 | X89: 0 | Y89: 103500000 | Z89: 0 | AA89: 0 | AB89: 0 | AC89: 0 | AD89: 0 | AE89: 0 | AF89: 0 | AH89: 99040224 | AI89: 0 | AJ89: 0 | AK89: 40000000 | AL89: 10500000 | AM89: 37481891 | AN89: 11058333 | AO89: 0 | AP89: 0 | AQ89: 0 | AR89: 0 | AS89: 0 | AT89: 0 | AV89: 175900000 | AW89: 40000000 | AX89: 0 | AY89: 0 | AZ89: 18000000 | BA89: 115500000 | BB89: 2400000 | BC89: 0 | BD89: 0 | BE89: 0 | BF89: 0 | BG89: 0 | BH89: 0 | BJ89: 175900000 | BK89: 40000000 | BL89: 0 | BM89: 0 | BN89: 18000000 | BO89: 115500000 | BP89: 2400000 | BQ89: 0 | BR89: 0 | BS89: 0 | BT89: 0 | BU89: 0 | BV89: 0
B90: Chi phí tổ chức ĐHĐCĐ, BCTN và các CP liên quan | C90: Chi phí niêm yết HNX | E90: Chi phí niêm yết HNX | F90: 40000000 | G90: 0 | H90: 40000000 | I90: 0 | J90: 0 | K90: 0 | L90: 0 | M90: 0 | N90: 0 | O90: 0 | P90: 0 | Q90: 0 | R90: 0 | S90: 0 | T90: 40000000 | U90: 0 | V90: 40000000 | W90: 0 | X90: 0 | Y90: 0 | Z90: 0 | AA90: 0 | AB90: 0 | AC90: 0 | AD90: 0 | AE90: 0 | AF90: 0 | AH90: 40000000 | AI90: 0 | AJ90: 0 | AK90: 40000000 | AL90: 0 | AM90: 0 | AN90: 0 | AO90: 0 | AP90: 0 | AQ90: 0 | AR90: 0 | AS90: 0 | AT90: 0 | AV90: 40000000 | AW90: 40000000 | BJ90: 40000000 | BK90: 40000000
B91: Chi phí tổ chức ĐHĐCĐ, BCTN và các CP liên quan | C91: Chi phí niêm yết HNX | E91: Chi phí thiết kế và in ấn tài liệu báo cáo thường niên | F91: 13570000 | G91: 0 | H91: 0 | I91: 0 | J91: 13200000 | K91: 0 | L91: 370000 | M91: 0 | N91: 0 | O91: 0 | P91: 0 | Q91: 0 | R91: 0 | T91: 0 | U91: 0 | V91: 0 | W91: 0 | X91: 0 | Z91: 0 | AA91: 0 | AB91: 0 | AC91: 0 | AD91: 0 | AE91: 0 | AF91: 0 | AH91: 0 | AI91: 0 | AJ91: 0 | AK91: 0 | AL91: 0 | AM91: 0 | AN91: 0 | AO91: 0 | AP91: 0 | AQ91: 0 | AR91: 0 | AS91: 0 | AT91: 0 | AV91: 18000000 | AZ91: 18000000 | BJ91: 18000000 | BN91: 18000000
A92: c | B92: Chi phí tổ chức ĐHĐCĐ, BCTN và các CP liên quan | C92: Chi phí tổ chức ĐHĐCĐ thường niên | E92: Chi phí tổ chức ĐHĐCĐ thường niên | F92: 72013528 | G92: 0 | H92: 0 | I92: 0 | J92: 0 | K92: 0 | L92: 62043355 | M92: 9970173 | N92: 0 | O92: 0 | P92: 0 | Q92: 0 | R92: 0 | S92: 0 | T92: 60000000 | U92: 0 | V92: 0 | W92: 0 | X92: 0 | Y92: 60000000 | Z92: 0 | AA92: 0 | AB92: 0 | AC92: 0 | AD92: 0 | AE92: 0 | AF92: 0 | AH92: 45840224 | AI92: 0 | AJ92: 0 | AK92: 0 | AL92: 0 | AM92: 34781891 | AN92: 11058333 | AO92: 0 | AP92: 0 | AQ92: 0 | AR92: 0 | AS92: 0 | AT92: 0 | AV92: 80000000 | BA92: 80000000 | BJ92: 80000000 | BO92: 80000000
B93: Chi phí tổ chức ĐHĐCĐ, BCTN và các CP liên quan | C93: Chi phí chốt Danh sách cổ đông | E93: Chi phí chốt Danh sách cổ đông | F93: 10500000 | G93: 0 | H93: 0 | I93: 0 | J93: 0 | K93: 10500000 | L93: 0 | M93: 0 | N93: 0 | O93: 0 | P93: 0 | Q93: 0 | R93: 0 | S93: 0 | T93: 10500000 | U93: 0 | V93: 0 | W93: 0 | X93: 0 | Y93: 10500000 | Z93: 0 | AA93: 0 | AB93: 0 | AC93: 0 | AD93: 0 | AE93: 0 | AF93: 0 | AH93: 10500000 | AI93: 0 | AJ93: 0 | AK93: 0 | AL93: 10500000 | AM93: 0 | AN93: 0 | AO93: 0 | AP93: 0 | AQ93: 0 | AR93: 0 | AS93: 0 | AT93: 0 | AV93: 10500000 | BA93: 10500000 | BJ93: 10500000 | BO93: 10500000
B94: Chi phí tổ chức ĐHĐCĐ, BCTN và các CP liên quan | C94: CP Dịch vụ bảo vệ | E94: CP Dịch vụ bảo vệ | F94: 2400000 | G94: 0 | H94: 0 | I94: 0 | J94: 0 | K94: 0 | L94: 2400000 | M94: 0 | N94: 0 | O94: 0 | P94: 0 | Q94: 0 | R94: 0 | S94: 0 | T94: 3000000 | U94: 0 | V94: 0 | W94: 0 | X94: 0 | Y94: 3000000 | Z94: 0 | AA94: 0 | AB94: 0 | AC94: 0 | AD94: 0 | AE94: 0 | AF94: 0 | AH94: 2700000 | AI94: 0 | AJ94: 0 | AK94: 0 | AL94: 0 | AM94: 2700000 | AN94: 0 | AO94: 0 | AP94: 0 | AQ94: 0 | AR94: 0 | AS94: 0 | AT94: 0 | AV94: 2400000 | BB94: 2400000 | BJ94: 2400000 | BP94: 2400000
B95: Chi phí tổ chức ĐHĐCĐ, BCTN và các CP liên quan | C95: Chi phí báo chí sự kiện Đại hội cổ đông OCH | E95: =C95 -> Chi phí báo chí sự kiện Đại hội cổ đông OCH | F95: 1737957 | G95: 0 | H95: 0 | I95: 0 | J95: 0 | K95: 0 | L95: 1737957 | M95: 0 | N95: 0 | O95: 0 | P95: 0 | Q95: 0 | R95: 0 | S95: 0 | T95: 20000000 | U95: 0 | V95: 0 | W95: 0 | X95: 0 | Y95: 20000000 | Z95: 0 | AA95: 0 | AB95: 0 | AC95: 0 | AD95: 0 | AE95: 0 | AF95: 0 | AV95: 25000000 | BA95: 25000000 | BJ95: 25000000 | BO95: 25000000
B96: Chi phí tổ chức ĐHĐCĐ, BCTN và các CP liên quan | C96: Chi phí tổ chức ĐHĐCĐ phát sinh khác | E96: Chi phí tổ chức ĐHĐCĐ phát sinh khác | F96: 0 | G96: 0 | H96: 0 | I96: 0 | J96: 0 | K96: 0 | L96: 0 | M96: 0 | N96: 0 | O96: 0 | P96: 0 | Q96: 0 | R96: 0 | S96: 0 | T96: 10000000 | U96: 0 | V96: 0 | W96: 0 | X96: 0 | Y96: 10000000 | Z96: 0 | AA96: 0 | AB96: 0 | AC96: 0 | AD96: 0 | AE96: 0 | AF96: 0 | AH96: 0 | AI96: 0 | AJ96: 0 | AK96: 0 | AL96: 0 | AM96: 0 | AN96: 0 | AO96: 0 | AP96: 0 | AQ96: 0 | AR96: 0 | AS96: 0 | AT96: 0 | AV96: 0 | BJ96: 0
B97: Chi phí tăng vốn 2026 | AV97: 1800000000 | AW97: 0 | AX97: 0 | AY97: 0 | AZ97: 0 | BA97: 600000000 | BB97: 1000000000 | BC97: 200000000 | BD97: 0 | BE97: 0 | BF97: 0 | BG97: 0 | BH97: 0 | BJ97: 1800000000 | BK97: 0 | BL97: 0 | BM97: 0 | BN97: 0 | BO97: 600000000 | BP97: 1000000000 | BQ97: 200000000 | BR97: 0 | BS97: 0 | BT97: 0 | BU97: 0 | BV97: 0
B98: Chi phí tăng vốn 2026 | E98: Chi phí tư vấn phát hành CK | AV98: 500000000 | BA98: 200000000 | BB98: 300000000 | BJ98: 500000000 | BO98: 200000000 | BP98: 300000000
B99: Chi phí tăng vốn 2026 | E99: Chi phí Định giá | AV99: 100000000 | BB99: 100000000 | BJ99: 100000000 | BP99: 100000000
B100: Chi phí tăng vốn 2026 | E100: Chi phí tư vấn huy động vốn | AV100: 1000000000 | BA100: 300000000 | BB100: 500000000 | BC100: 200000000 | BJ100: 1000000000 | BO100: 300000000 | BP100: 500000000 | BQ100: 200000000
...

Sheet KQKD Tổng quan
B1: 1. Doanh thu bán hàng và cung cấp dịch vụ | C1: 2. Các khoản giảm trừ doanh thu | D1: 3. Doanh thu thuần về bán hàng và cung cấp dịch vụ (10 = 01 - 02) | E1: 4. Giá vốn hàng bán | F1: 5. Lợi nhuận gộp bán hàng và cung cấp dịch vụ (20 = 10 - 11) | G1: 6. Doanh thu hoạt động tài chính | H1: 7. Chi phí tài chính | I1: 8. Chi phí bán hàng | J1: 9. Chi phí quản lý doanh nghiệp | K1: 10. Lợi nhuận thuần từ hoạt động kinh doanh {30 = 20 + (21 - 22) - (25 + 26)} | L1: 11. Thu nhập khác | M1: 12. Chi phí khác | N1: 13. Lợi nhuận khác (40 = 31 - 32) | O1: 14. Tổng lợi nhuận kế toán trước thuế (50 = 30 + 40) | P1: 15. Chi phí thuế TNDN hiện hành | Q1: 16. Chi phí thuế TNDN hoãn lại | R1: 17. Lợi nhuận sau thuế thu nhập doanh nghiệp (60 = 50 - 51 - 52)
A2: 2024-01 | B2: 8625085726 | C2: 0 | D2: 8625085726 | E2: 7805180024 | F2: 819905702 | G2: 655022626 | H2: 0 | J2: 2178141707 | K2: -703213379 | L2: 0 | M2: 0 | N2: 0 | O2: -703213379 | R2: -703213379
A3: 2024-02 | B3: 3123216088 | C3: 0 | D3: 3123216088 | E3: 2838392433 | F3: 284823655 | G3: 569001286 | H3: 0 | J3: 2077787709 | K3: -1223962768 | L3: 0 | M3: 226080 | N3: -226080 | O3: -1224188848 | R3: -1224188848
A4: 2024-03 | B4: 6873593666 | C4: 0 | D4: 6873593666 | E4: 6199087938 | F4: 674505728 | G4: 9443122750 | H4: 21479475899 | J4: 2344941717 | K4: -13706789138 | L4: 0 | M4: 143215 | N4: -143215 | O4: -13706932353 | R4: -13706932353
A5: 2024-04 | B5: 9452938544 | C5: 0 | D5: 9452938544 | E5: 8579413552 | F5: 873524992 | G5: 579703025 | H5: 0 | J5: 1974387701 | K5: -521159684 | L5: 0 | M5: 1521660 | N5: -1521660 | O5: -522681344 | R5: -522681344
A6: 2024-05 | B6: 12187684327 | C6: 0 | D6: 12187684327 | E6: 11070737060 | F6: 1116947267 | G6: 9888987518 | H6: -149800000 | J6: 2023326994 | K6: 9132407791 | L6: 0 | M6: 9604190 | N6: -9604190 | O6: 9122803601 | R6: 9122803601
A7: 2024-06 | B7: 14572553903 | C7: 0 | D7: 14572553903 | E7: 13271538977 | F7: 1301014926 | G7: 9307971703 | H7: 29978881946 | J7: 2494250298 | K7: -21864145615 | L7: 0 | M7: 0 | N7: 0 | O7: -21864145615 | R7: -21864145615
A8: 2024-07 | B8: 57110446262 | C8: 0 | D8: 57110446262 | E8: 52763714267 | F8: 4346731995 | G8: 583611514 | H8: 0 | J8: 2064843899 | K8: 2865499610 | L8: 0 | M8: 36 | N8: -36 | O8: 2865499574 | R8: 2865499574
A9: 2024-08 | B9: 81979724061 | C9: 0 | D9: 81979724061 | E9: 76245376692 | F9: 5734347369 | G9: 582732913 | H9: 0 | J9: 2058769462 | K9: 4258310820 | L9: 10000000 | M9: 0 | N9: 10000000 | O9: 4268310820 | R9: 4268310820
A10: 2024-09 | B10: 27445755387 | C10: 0 | D10: 27445755387 | E10: 25361766850 | F10: 2083988537 | G10: 9375664751 | H10: -77686854144 | J10: 1855334066 | K10: 87291173366 | L10: 0 | M10: 0 | N10: 0 | O10: 87291173366 | R10: 87291173366
A11: 2024-10 | B11: 10025415221 | C11: 2391574 | D11: 10023023647 | E11: 9048980524 | F11: 974043123 | G11: 587563553 | H11: 77289654 | J11: 1388669391 | K11: 95647631 | L11: 0 | M11: 0 | N11: 0 | O11: 95647631 | R11: 95647631
A12: 2024-11 | B12: 8751235578 | C12: 0 | D12: 8751235578 | E12: 7907134663 | F12: 844100915 | G12: 599930515 | H12: 1533785147 | J12: 4355412022 | K12: -4445165739 | L12: 3427864 | M12: 0 | N12: 3427864 | O12: -4441737875 | R12: -4441737875
A13: 2024-12 | B13: 11590372717 | C13: 0 | D13: 11590372717 | E13: 10255343316 | F13: 1335029401 | G13: 9396835156 | H13: 18348178519 | J13: 2663033502 | K13: -10279347464 | L13: 100000000000 | M13: 0 | N13: 100000000000 | O13: 89720652536 | R13: 89720652536
A14: 2025-01 | B14: ='TỔNG HỢP'!B14 -> 13797963587 | C14: ='TỔNG HỢP'!Q14 -> 0 | D14: ='TỔNG HỢP'!V14 -> 13797963587 | E14: ='TỔNG HỢP'!W14 -> 11723079196 | F14: ='TỔNG HỢP'!AK14 -> 2074884391 | G14: ='TỔNG HỢP'!AT14 -> 625973700 | H14: ='TỔNG HỢP'!BH14 -> 0 | I14: ='TỔNG HỢP'!BY14 -> 10101669 | J14: ='TỔNG HỢP'!BZ14 -> 1423642801 | K14: ='TỔNG HỢP'!DA14 -> 1267113621 | L14: ='TỔNG HỢP'!DB14 -> 0 | M14: ='TỔNG HỢP'!DC14 -> 0 | N14: ='TỔNG HỢP'!DD14 -> 0 | O14: ='TỔNG HỢP'!DE14 -> 1267113621 | R14: ='TỔNG HỢP'!DH14 -> 1267113621
A15: 2025-02 | B15: ='TỔNG HỢP'!B15 -> 6659874230 | C15: ='TỔNG HỢP'!Q15 -> 1048000 | D15: ='TỔNG HỢP'!V15 -> 6658826230 | E15: ='TỔNG HỢP'!W15 -> 6027309576 | F15: ='TỔNG HỢP'!AK15 -> 631516654 | G15: ='TỔNG HỢP'!AT15 -> 645288535 | H15: ='TỔNG HỢP'!BH15 -> 0 | I15: ='TỔNG HỢP'!BY15 -> 856602 | J15: ='TỔNG HỢP'!BZ15 -> 1255579031 | K15: ='TỔNG HỢP'!DA15 -> 20369556 | L15: ='TỔNG HỢP'!DB15 -> 743643 | M15: ='TỔNG HỢP'!DC15 -> 0 | N15: ='TỔNG HỢP'!DD15 -> 743643 | O15: ='TỔNG HỢP'!DE15 -> 21113199 | R15: ='TỔNG HỢP'!DH15 -> 21113199
A16: 2025-03 | B16: ='TỔNG HỢP'!B16 -> 9019405457 | C16: ='TỔNG HỢP'!Q16 -> 0 | D16: ='TỔNG HỢP'!V16 -> 9019405457 | E16: ='TỔNG HỢP'!W16 -> 8115781155 | F16: ='TỔNG HỢP'!AK16 -> 903624302 | G16: ='TỔNG HỢP'!AT16 -> 6810307508 | H16: ='TỔNG HỢP'!BH16 -> 18566685331 | I16: ='TỔNG HỢP'!BY16 -> 2248333 | J16: ='TỔNG HỢP'!BZ16 -> 1612748999 | K16: ='TỔNG HỢP'!DA16 -> -12467750853 | L16: ='TỔNG HỢP'!DB16 -> 112000 | M16: ='TỔNG HỢP'!DC16 -> 4000000 | N16: ='TỔNG HỢP'!DD16 -> -3888000 | O16: ='TỔNG HỢP'!DE16 -> -12471638853 | R16: ='TỔNG HỢP'!DH16 -> -12471638853
A17: 2025-04 | B17: ='TỔNG HỢP'!B17 -> 11016654074 | C17: ='TỔNG HỢP'!Q17 -> 0 | D17: ='TỔNG HỢP'!V17 -> 11016654074 | E17: ='TỔNG HỢP'!W17 -> 10067966819 | F17: ='TỔNG HỢP'!AK17 -> 948687255 | G17: ='TỔNG HỢP'!AT17 -> 5470427080 | H17: ='TỔNG HỢP'!BH17 -> 0 | I17: ='TỔNG HỢP'!BY17 -> 0 | J17: ='TỔNG HỢP'!BZ17 -> 1331348023 | K17: ='TỔNG HỢP'!DA17 -> 5087766312 | L17: ='TỔNG HỢP'!DB17 -> 0 | M17: ='TỔNG HỢP'!DC17 -> 4336600 | N17: ='TỔNG HỢP'!DD17 -> -4336600 | O17: ='TỔNG HỢP'!DE17 -> 5083429712 | R17: ='TỔNG HỢP'!DH17 -> 5083429712
A18: 2025-05 | B18: ='TỔNG HỢP'!B18 -> 11810186322 | C18: ='TỔNG HỢP'!Q18 -> 1100931 | D18: ='TỔNG HỢP'!V18 -> 11809085391 | E18: ='TỔNG HỢP'!W18 -> 10787121764 | F18: ='TỔNG HỢP'!AK18 -> 1021963627 | G18: ='TỔNG HỢP'!AT18 -> 649316118 | H18: ='TỔNG HỢP'!BH18 -> 0 | I18: ='TỔNG HỢP'!BY18 -> 6000000 | J18: ='TỔNG HỢP'!BZ18 -> 1195149402 | K18: ='TỔNG HỢP'!DA18 -> 470130343 | L18: ='TỔNG HỢP'!DB18 -> 0 | M18: ='TỔNG HỢP'!DC18 -> 430415 | N18: ='TỔNG HỢP'!DD18 -> -430415 | O18: ='TỔNG HỢP'!DE18 -> 469699928 | R18: ='TỔNG HỢP'!DH18 -> 469699928
